Ticker,Financial Period,Total Assets,Total Liabilities,Equity,Issued and paid-up share capital,Gross Profit,Operating Revenue,Total Costs and Expenses,Profit Before Finance Costs and Income Tax Expenses,Net Profit,Profit,ROA,ROE,Net Profit Margin,Debt to Equity Ratio,Important Stats,Last Price,Market Capitalization,Book Value Per Share,P/E,P/BV,Dividend Yield,Year
AAV.BK,2019-12-31,62902.56,35214.09,19943.88,485.0,41202.63,40180.65,41653.13,-100.03,-474.0,-0.1,-0.16,-2.35,-2.1,1.27,2019-12-30,2.24,10864.0,4.12,,0.54,14.96,2019
AAV.BK,2020-12-31,67977.67,50617.36,14266.11,485.0,16260.96,13633.87,23788.08,-7527.12,-4764.09,-0.98,-11.5,-27.85,-53.3,2.92,2020-12-30,2.36,11446.0,3.11,,0.76,,2020
AAV.BK,2021-12-31,71208.33,54379.53,20201.1,987.86,4558.62,3828.47,16358.82,-11800.2,-6647.49,-1.3,-16.96,-38.57,-262.32,3.23,2021-12-30,2.54,25091.57,1.71,,3.11,,2021
AAV.BK,2022-09-30,66670.81,61956.02,4714.79,1173.57,9525.39,9289.43,22260.29,-12734.9,-11144.39,-0.97,-22.62,-180.36,-118.93,13.14,2022-12-30,3.06,37222.71,0.45,,6.81,,2022
AAV.BK,,,,,,,,,,,,,,,,2023-01-13,3.02,36736.14,0.45,,6.72,,2023
ACE.BK,2019-12-31,14145.18,3352.14,10793.04,5088.0,5088.17,5055.27,3759.7,1224.96,815.31,0.09,8.74,9.96,16.02,0.31,2019-12-30,4.22,42942.72,,62.46,,,2019
ACE.BK,2020-12-31,16429.69,4436.86,11992.83,5088.0,6038.96,5858.14,4389.07,1656.57,1507.64,0.15,10.84,13.23,24.97,0.37,2020-12-30,3.64,37040.64,1.15,24.71,3.15,,2020
ACE.BK,2021-12-31,18740.2,5371.62,13315.33,5088.0,5739.67,5726.92,4158.32,1749.31,1505.68,0.15,9.95,11.9,26.23,0.4,2021-12-30,3.5,35616.0,1.27,25.58,2.75,1.37,2021
ACE.BK,2022-09-30,19758.94,5514.6,14186.55,5088.0,5086.59,5073.45,3979.21,1292.32,1087.95,0.11,9.02,10.73,21.38,0.39,2022-12-30,2.7,27475.2,1.4,18.75,1.92,0.75,2022
ACE.BK,,,,,,,,,,,,,,,,2023-01-13,2.68,27271.68,1.41,18.55,1.9,0.75,2023
ADVANC.BK,2019-12-31,289669.12,220274.95,69266.1,2973.18,181740.18,180893.69,139784.36,42178.37,31189.57,10.49,14.54,49.2,17.16,3.17,2019-12-30,213.0,633287.05,20.84,20.45,10.22,3.32,2019
ADVANC.BK,2020-12-31,350170.58,274481.21,75563.98,2973.55,173720.31,172890.27,135346.98,38443.22,27434.36,9.23,12.02,37.88,15.79,3.63,2020-12-30,176.0,523345.56,23.04,19.15,7.64,4.17,2020
ADVANC.BK,2021-12-31,356221.74,274397.22,81698.75,2973.93,182605.54,181332.89,143299.13,38520.08,26922.15,9.05,10.91,34.24,14.74,3.35,2021-12-30,230.0,684002.93,25.12,25.13,9.15,3.01,2021
ADVANC.BK,2022-09-30,345370.17,267156.57,78086.71,2974.21,137383.79,136786.18,109737.65,27006.71,18647.99,6.27,10.47,33.39,13.58,3.42,2022-12-30,195.0,579970.9,26.25,22.73,7.43,3.94,2022
ADVANC.BK,,,,,,,,,,,,,,,,2023-01-13,202.0,600790.37,26.25,23.55,7.69,3.81,2023
AMATA.BK,2019-12-31,36397.4,19420.95,14054.51,1067.0,6112.7,5914.28,3970.54,2832.12,1742.06,1.63,8.16,12.89,35.79,1.14,2019-12-30,20.1,21446.7,13.07,13.34,1.54,1.99,2019
AMATA.BK,2020-12-31,40221.65,21469.13,15648.21,1150.0,4350.4,4202.28,2911.32,2001.7,1103.44,1.02,5.23,7.43,32.22,1.14,2020-12-30,16.3,18745.0,13.47,19.58,1.3,2.56,2020
AMATA.BK,2021-12-31,45470.86,23462.42,17723.26,1150.0,5433.66,5096.81,3601.3,2806.66,1402.29,1.22,6.55,8.4,36.1,1.07,2021-12-30,21.0,24150.0,14.78,22.82,1.42,1.39,2021
AMATA.BK,2022-09-30,48278.84,24022.41,19177.37,1150.0,5873.96,4214.3,2991.21,2985.24,1555.73,1.35,9.6,12.7,39.3,0.99,2022-12-30,21.3,24495.0,16.68,10.67,1.28,1.88,2022
AMATA.BK,,,,,,,,,,,,,,,,2023-01-13,20.2,23230.0,16.68,10.12,1.21,1.98,2023
AOT.BK,2019-09-30,198381.56,43842.92,153899.11,14285.7,64384.75,62783.42,32267.95,32298.85,25026.37,1.75,16.73,16.81,38.98,0.28,2019-12-30,74.25,1060713.23,10.77,42.38,6.89,1.41,2019
AOT.BK,2020-09-30,173558.57,30526.9,142235.58,14285.7,33129.95,31179.1,27292.73,5982.78,4320.68,0.3,3.22,2.92,12.97,0.21,2020-12-30,62.25,889284.83,9.96,205.82,6.25,0.31,2020
AOT.BK,2021-09-30,195085.77,81664.39,112343.77,14285.7,7715.73,7085.6,25236.69,-17572.03,-16322.01,-1.14,-9.53,-12.82,-212.19,0.72,2021-12-30,61.0,871427.7,7.86,,7.76,,2021
AOT.BK,2022-09-30,183812.92,81294.32,101323.97,14285.7,16992.5,16560.02,28184.52,-10933.85,-11087.87,-0.78,-5.77,-10.38,-64.59,0.79,2022-12-30,75.0,1071427.5,7.09,,10.57,,2022
AOT.BK,,,,,,,,,,,,,,,,2023-01-13,73.5,1049998.95,7.09,,10.36,,2023
AP.BK,2019-12-31,58794.21,32498.09,26313.12,3145.9,23889.79,23244.25,21082.79,3892.44,3067.51,0.98,7.2,12.1,12.83,1.24,2019-12-30,7.45,23436.95,8.08,7.46,0.92,5.37,2019
AP.BK,2020-12-31,58723.86,29460.56,29281.35,3145.9,29958.5,29888.42,26623.58,5282.54,4226.53,1.34,8.99,15.2,14.1,1.01,2020-12-30,7.25,22807.77,9.01,5.47,0.8,5.52,2020
AP.BK,2021-12-31,60408.95,27985.54,32441.68,3145.9,31980.04,31794.44,27313.15,5667.17,4543.06,1.44,9.51,14.72,14.21,0.86,2021-12-30,9.55,30043.34,10.0,6.69,0.96,4.71,2021
AP.BK,2022-09-30,63663.7,28090.11,35592.22,3145.9,29842.11,29693.16,25047.23,5743.87,4722.5,1.5,11.41,17.05,15.82,0.79,2022-12-30,11.6,36492.43,11.31,6.38,1.03,4.31,2022
AP.BK,,,,,,,,,,,,,,,,2023-01-13,11.4,35863.25,11.31,6.27,1.01,4.39,2023
AWC.BK,2019-12-31,109157.86,33496.19,75661.66,32000.0,11522.0,11413.33,8352.36,3169.64,1054.23,0.04,3.14,2.09,9.03,0.44,2019-12-30,5.85,187200.0,,221.42,,,2019
AWC.BK,2020-12-31,124466.57,53280.47,71186.09,32000.0,6136.42,6011.07,7294.12,-1157.69,-1881.23,-0.06,-0.99,-2.56,-30.66,0.75,2020-12-30,4.56,145920.0,2.24,,2.04,0.27,2020
AWC.BK,2021-12-31,138897.29,59690.67,79206.62,32000.0,4395.83,4306.88,5945.8,2334.49,861.48,0.03,1.77,1.15,19.6,0.75,2021-12-30,4.64,148480.0,2.44,,1.9,,2021
AWC.BK,2022-09-30,143376.25,61944.04,81432.21,32000.77,6101.35,6066.31,5817.49,3901.75,2448.01,0.08,3.84,4.28,40.12,0.76,2022-12-30,6.3,201604.86,2.54,59.04,2.48,0.17,2022
AWC.BK,,,,,,,,,,,,,,,,2023-01-13,6.15,196804.74,2.54,57.63,2.42,0.17,2023
BAM.BK,2019-12-31,115789.67,78723.55,37066.12,15075.0,12232.18,,6024.13,8344.42,6549.3,2.38,7.47,16.6,53.54,2.12,2019-12-30,18.1,54571.5,,8.06,,,2019
BAM.BK,2020-12-31,132069.62,90272.59,41797.03,16160.21,12444.33,,10248.58,4586.84,1840.62,0.57,3.7,4.67,14.79,2.16,2020-12-30,21.9,70781.73,11.43,25.28,1.92,4.79,2020
BAM.BK,2021-12-31,125904.0,83148.41,42755.59,16160.21,13306.23,,10050.4,5814.59,2600.22,0.8,4.51,6.15,19.54,1.94,2021-12-30,21.6,69812.11,12.92,30.07,1.67,2.37,2021
BAM.BK,2022-09-30,128974.24,86148.34,42825.9,16160.21,9308.29,,7159.37,4092.19,1858.3,0.57,4.7,6.73,19.96,2.01,2022-12-30,15.8,51066.27,13.25,17.95,1.19,3.48,2022
BAM.BK,,,,,,,,,,,,,,,,2023-01-13,16.2,52359.09,13.25,18.4,1.22,3.4,2023
BANPU.BK,2019-12-31,257588.81,167107.96,72194.58,5161.93,90048.43,85717.85,85021.31,9545.46,-552.86,-0.11,3.59,-0.71,1.5,1.85,2019-12-30,11.9,61426.91,14.31,25.35,0.82,5.98,2019
BANPU.BK,2020-12-31,281647.62,197092.37,62343.95,5074.58,72929.82,71331.75,75102.72,5319.51,-1786.32,-0.35,1.97,-2.66,-0.78,2.33,2020-12-30,11.0,55820.4,11.83,,0.93,5.51,2020
BANPU.BK,2021-12-31,365799.4,262102.27,79277.25,6766.11,134990.1,134438.39,101739.61,28227.05,9851.8,1.59,8.72,13.91,11.83,2.53,2021-12-30,10.6,71720.75,10.23,12.16,1.04,2.12,2021
BANPU.BK,2022-09-30,478274.0,330343.1,111371.75,6766.11,192074.67,191570.18,115809.81,76967.53,40797.23,6.03,20.82,49.04,27.61,2.23,2022-12-30,13.7,115822.01,16.46,2.62,1.04,2.34,2022
BANPU.BK,,,,,,,,,,,,,,,,2023-01-13,12.5,105677.02,16.46,2.39,0.95,2.56,2023
BBL.BK,2019-12-31,3216743.1,2788626.79,427751.21,19088.43,158310.64,,139583.52,87925.68,35816.09,18.76,2.78,8.52,22.87,6.51,2019-12-30,160.0,305414.86,225.36,8.5,0.71,4.06,2019
BBL.BK,2020-12-31,3822959.69,3372712.55,449013.69,19088.43,150106.58,,142103.79,57035.41,17180.58,9.0,1.62,3.92,11.69,7.49,2020-12-30,118.5,226197.88,230.25,9.93,0.51,5.91,2020
BBL.BK,2021-12-31,4333280.91,3838688.35,492727.07,19088.43,157313.5,,143473.99,65297.82,26507.04,13.89,1.6,5.63,17.13,7.76,2021-12-30,121.5,231924.41,255.08,10.27,0.48,2.06,2021
BBL.BK,2022-09-30,4437758.79,3925824.75,510071.65,19088.43,131278.16,,110391.01,53239.85,21736.13,11.39,1.6,5.63,16.84,7.67,2022-12-30,148.0,282508.75,267.22,10.07,0.55,2.36,2022
BBL.BK,,,,,,,,,,,,,,,,2023-01-13,156.5,298733.91,267.22,10.65,0.59,2.24,2023
BCH.BK,2019-12-31,14115.63,7137.35,6248.0,2493.75,8996.28,8880.47,7283.86,1714.78,1134.91,0.46,12.82,19.0,14.43,1.02,2019-12-30,17.1,42643.09,2.41,36.68,7.09,1.35,2019
BCH.BK,2020-12-31,16527.3,8900.99,6884.5,2493.75,9021.36,8927.91,7187.34,1837.01,1229.4,0.49,11.99,18.72,15.43,1.17,2020-12-30,13.6,33914.97,2.66,28.45,5.12,1.69,2020
BCH.BK,2021-12-31,26383.76,12078.12,12979.72,2493.75,21533.42,21453.6,12030.64,9504.91,6846.0,2.75,44.3,68.93,34.86,0.84,2021-12-30,20.1,50124.33,4.23,10.79,4.75,1.14,2021
BCH.BK,2022-09-30,22499.85,9246.45,12189.41,2493.75,16118.03,16089.02,12330.68,3788.74,2769.22,1.11,30.75,46.15,17.87,0.7,2022-12-30,20.5,51121.83,4.89,9.74,4.19,5.85,2022
BCH.BK,,,,,,,,,,,,,,,,2023-01-13,21.5,53615.58,4.89,10.21,4.4,5.58,2023
BCP.BK,2019-12-31,127787.98,68972.94,51603.93,1376.92,190983.67,190488.59,187904.97,4257.33,1731.57,1.18,3.47,3.67,1.3,1.17,2019-12-30,28.0,38553.85,30.33,,0.91,4.87,2019
BCP.BK,2020-12-31,148322.59,90006.17,46365.96,1376.92,136982.82,136450.29,142528.76,-5389.28,-6967.07,-5.5,-3.9,-14.22,-4.21,1.54,2020-12-30,20.6,28364.62,34.5,,0.6,3.92,2020
BCP.BK,2021-12-31,201785.31,132225.98,53467.1,1376.92,200695.74,199417.0,184801.75,16647.28,7623.79,5.25,9.51,15.27,4.91,1.9,2021-12-30,25.25,34767.31,38.38,5.6,0.66,1.58,2021
BCP.BK,2022-09-30,227862.62,144435.22,62858.7,1376.92,228895.07,227618.94,196283.51,28313.46,12102.6,8.64,15.76,24.11,6.07,1.73,2022-12-30,31.5,43373.08,46.3,3.09,0.68,6.35,2022
BCP.BK,,,,,,,,,,,,,,,,2023-01-13,37.75,51978.85,45.97,3.73,0.82,5.26,2023
BCPG.BK,2019-12-31,37136.57,21581.42,15505.72,9994.46,3446.67,3426.61,1536.46,2360.29,1801.42,0.9,6.87,11.76,52.25,1.39,2019-12-30,16.2,32382.05,7.73,19.43,2.09,3.95,2019
BCPG.BK,2020-12-31,51219.57,28670.63,22480.11,13201.89,4260.0,4230.65,1981.35,2763.93,1912.25,0.92,6.26,10.07,44.87,1.27,2020-12-30,14.2,37493.36,7.64,18.32,2.42,3.41,2020
BCPG.BK,2021-12-31,58721.23,31493.06,27159.66,14470.06,4740.56,4668.8,2315.23,2969.73,2010.82,0.74,5.4,8.1,42.41,1.16,2021-12-30,12.0,34728.15,9.43,16.67,1.36,2.21,2021
BCPG.BK,2022-09-30,57050.05,27536.31,29443.83,14479.82,4221.52,4138.47,2715.06,3549.31,2334.13,0.81,6.99,9.35,55.32,0.93,2022-12-30,10.2,29658.42,10.16,11.53,1.0,3.12,2022
BCPG.BK,,,,,,,,,,,,,,,,2023-01-13,10.1,29367.65,10.16,11.42,0.99,3.15,2023
BDMS.BK,2019-12-31,133661.74,46480.11,83813.43,1589.2,83893.22,82722.64,71723.29,20811.38,15517.17,0.99,15.58,20.13,19.08,0.53,2019-12-30,26.0,413192.05,5.1,28.41,5.1,1.21,2019
BDMS.BK,2020-12-31,136050.25,44587.55,87910.18,1589.2,69101.64,68074.08,60532.08,11271.55,7214.24,0.45,8.36,8.4,11.07,0.49,2020-12-30,20.8,330553.64,5.22,46.24,3.98,2.64,2020
BDMS.BK,2021-12-31,128453.62,40688.69,83845.19,1589.2,75791.68,74451.35,64490.58,11322.21,7936.08,0.5,8.56,9.24,11.2,0.46,2021-12-30,23.0,365516.04,5.08,47.54,4.53,2.39,2021
BDMS.BK,2022-09-30,133874.54,43585.53,86039.73,1589.2,69181.36,68458.04,56298.34,12914.47,9492.79,0.6,12.64,14.55,14.5,0.48,2022-12-30,29.0,460868.05,5.41,38.0,5.36,1.55,2022
BDMS.BK,,,,,,,,,,,,,,,,2023-01-13,30.25,480733.06,5.41,39.64,5.59,1.49,2023
BEC.BK,2019-12-31,11354.48,5636.04,5623.33,2000.0,8751.62,8310.17,9163.81,-384.17,-397.17,-0.2,-2.99,-6.78,-5.13,0.99,2019-12-30,5.9,11800.0,2.95,,2.0,,2019
BEC.BK,2020-12-31,9518.87,4109.86,5408.99,2000.0,5908.22,5860.92,6032.83,-89.34,-214.25,-0.11,-0.86,-3.88,-5.15,0.76,2020-12-30,8.05,16100.0,2.55,,3.15,,2020
BEC.BK,2021-12-31,10323.3,4130.27,6193.01,2000.0,5728.93,5680.01,4637.04,1089.29,761.65,0.38,10.98,13.13,13.29,0.67,2021-12-30,14.1,28200.0,2.95,38.42,4.78,,2021
BEC.BK,2022-09-30,9712.39,3606.68,6105.68,2000.0,3924.61,3890.9,3272.1,652.37,458.17,0.23,10.97,12.55,11.67,0.59,2022-12-30,10.1,20200.0,3.05,26.81,3.31,2.48,2022
BEC.BK,,,,,,,,,,,,,,,,2023-01-13,11.0,22000.0,3.05,29.2,3.6,2.27,2023
BEM.BK,2019-12-31,111696.77,72873.59,38780.72,15285.0,20221.19,16107.08,11646.64,8929.87,5434.82,0.36,8.29,14.63,26.96,1.88,2019-12-30,10.9,166606.5,2.57,30.87,4.24,1.38,2019
BEM.BK,2020-12-31,113615.76,75582.03,37991.4,15285.0,14316.16,13489.46,9773.41,4549.15,2051.09,0.13,4.04,5.34,14.35,1.99,2020-12-30,8.3,126865.5,2.55,63.34,3.25,1.81,2020
BEM.BK,2021-12-31,115088.5,77389.67,37697.28,15285.0,11481.59,10726.72,8149.58,3332.01,1010.1,0.07,2.91,2.67,8.81,2.05,2021-12-30,8.45,129158.25,2.48,109.11,3.41,1.18,2021
BEM.BK,2022-09-30,116470.84,78708.01,37761.22,15285.0,10808.44,10094.43,6897.77,3910.67,1833.0,0.12,4.28,5.89,16.96,2.08,2022-12-30,9.8,149793.0,2.47,67.2,3.97,0.82,2022
BEM.BK,,,,,,,,,,,,,,,,2023-01-13,9.6,146736.0,2.47,65.83,3.89,0.83,2023
BGRIM.BK,2019-12-31,121692.8,83015.54,28144.4,5213.8,44421.39,44131.89,37817.92,6842.37,2331.15,0.88,6.16,9.84,8.95,2.15,2019-12-30,52.5,136862.25,7.66,66.7,6.86,0.61,2019
BGRIM.BK,2020-12-31,130695.88,91391.8,27470.27,5213.8,44337.67,44086.85,36887.12,7174.94,2174.76,0.68,5.69,7.82,8.47,2.33,2020-12-30,48.5,126434.65,10.43,62.96,4.65,0.76,2020
BGRIM.BK,2021-12-31,149197.56,108382.05,29471.16,5213.8,46816.24,46628.33,39607.57,8008.82,2275.7,0.72,5.72,7.99,7.3,2.66,2021-12-30,40.5,105579.45,11.28,39.74,3.59,1.11,2021
BGRIM.BK,2022-09-30,174760.7,130937.14,31509.87,5213.8,48557.53,47816.66,44673.5,4145.14,-699.2,-0.38,3.42,-1.65,-1.46,2.99,2022-12-30,39.75,103624.28,12.09,,3.29,1.06,2022
BGRIM.BK,,,,,,,,,,,,,,,,2023-01-13,41.5,108186.35,12.09,,3.43,1.01,2023
BH.BK,2019-12-31,26181.03,5915.9,19973.37,730.05,18718.27,18409.15,14042.27,4660.52,3747.73,5.14,18.3,19.51,20.09,0.29,2019-12-30,147.0,107139.68,26.18,27.99,5.62,1.97,2019
BH.BK,2020-12-31,24221.67,5385.05,18531.53,795.77,12567.83,12315.49,11071.59,1498.55,1204.14,1.54,5.95,6.25,9.72,0.29,2020-12-30,120.0,95350.28,23.15,49.81,5.18,2.59,2020
BH.BK,2021-12-31,20856.8,3238.87,17286.12,795.77,12673.3,12460.42,11083.33,1575.64,1215.68,1.53,6.99,6.79,9.78,0.18,2021-12-30,141.0,112036.58,20.88,144.49,6.75,2.27,2021
BH.BK,2022-09-30,22360.02,3958.16,18076.29,795.77,14870.63,14732.78,10714.6,4162.56,3392.33,4.27,21.98,23.08,23.02,0.22,2022-12-30,212.0,168515.78,22.72,42.13,9.33,1.51,2022
BH.BK,,,,,,,,,,,,,,,,2023-01-13,215.0,170900.43,22.72,42.73,9.46,1.49,2023
BLA.BK,2019-12-31,333680.07,289419.62,44225.29,1707.57,48943.3,,43637.38,5305.92,4385.99,2.57,1.61,10.6,8.96,6.54,2019-12-30,20.7,35346.62,26.49,7.49,0.78,3.48,2019
BLA.BK,2020-12-31,339778.27,293679.88,46098.16,1707.57,47366.4,,45604.99,1761.41,1608.27,0.94,0.52,3.56,3.4,6.37,2020-12-30,21.0,35858.89,24.79,17.09,0.85,3.05,2020
BLA.BK,2021-12-31,347142.83,299176.69,47965.88,1707.57,48168.59,,44404.91,3763.69,3195.95,1.87,1.1,6.8,6.63,6.24,2021-12-30,37.25,63606.83,27.78,20.62,1.34,0.62,2021
BLA.BK,2022-09-30,344516.72,303004.62,41511.82,1707.57,36613.26,,33163.6,3449.65,2932.19,1.72,1.09,7.21,8.01,7.3,2022-12-30,28.75,49092.52,24.31,15.31,1.18,1.95,2022
BLA.BK,,,,,,,,,,,,,,,,2023-01-13,28.75,49092.52,24.31,15.31,1.18,1.95,2023
BTS.BK,2019-03-31,144314.85,92164.46,38746.62,47381.48,48618.31,45894.95,43358.04,6082.94,2872.95,0.24,4.86,7.24,7.33,1.77,2019-12-30,13.2,173636.46,4.02,43.55,3.44,2.97,2019
BTS.BK,2020-03-31,173100.48,105854.89,54923.01,52617.18,38680.65,35404.73,32725.78,11548.32,8161.75,0.65,7.28,17.43,22.8,1.57,2020-12-30,9.3,122397.2,3.88,17.0,2.4,5.16,2020
BTS.BK,2021-03-31,212062.43,136025.07,60161.68,52644.52,42379.1,36653.78,30918.92,9795.76,4576.27,0.35,5.09,7.95,12.65,1.79,2021-12-30,9.35,123085.73,4.53,23.11,2.06,3.31,2021
BTS.BK,2022-03-31,255866.57,169739.04,62062.84,52657.91,31194.5,26508.92,22748.4,8314.66,3825.58,0.29,3.55,6.26,12.44,1.97,2022-12-30,8.4,110608.16,4.65,38.45,1.81,3.69,2022
BTS.BK,,257741.9,170659.27,61235.59,52670.55,11193.31,8582.78,7760.45,3529.54,1010.07,0.08,3.12,4.76,9.07,1.96,2023-01-13,8.7,114558.45,4.65,39.82,1.87,3.56,2023
BYD.BK,2019-12-31,1316.99,533.17,813.98,1224.25,209.58,,520.33,-249.47,-237.87,-0.19,-14.72,-27.17,-127.89,0.68,2019-12-30,0.33,404.0,0.65,,0.51,,2019
BYD.BK,2020-12-31,757.19,97.43,659.99,4284.87,85.14,,393.21,-305.55,-300.61,-0.13,-29.46,-40.79,-373.03,0.15,2020-12-30,0.17,728.43,0.16,,1.04,,2020
BYD.BK,2021-12-31,1599.43,142.2,1457.23,7180.86,98.16,,261.41,-134.04,-134.99,-0.12,-11.38,-12.75,-137.53,0.1,2021-12-30,19.4,27861.74,1.0,,19.41,,2021
BYD.BK,2022-09-30,12195.74,162.25,12033.49,20963.71,119.52,,134.74,-103.45,-105.04,-0.05,-1.02,-1.08,-87.88,0.01,2022-12-30,13.3,55763.47,2.87,,4.63,,2022
BYD.BK,,,,,,,,,,,,,,,,2023-01-13,12.9,54518.5,2.87,,4.49,,2023
CBG.BK,2019-12-31,14780.04,6061.67,8565.81,1000.0,15051.82,14933.01,11886.82,3164.99,2506.46,2.51,21.75,31.84,16.4,0.7,2019-12-30,84.0,84000.0,7.77,37.9,10.81,0.95,2019
CBG.BK,2020-12-31,17086.68,6929.39,9956.01,1000.0,17386.29,17230.64,13052.89,4333.41,3525.03,3.53,27.2,38.06,20.47,0.68,2020-12-30,114.5,114500.0,9.09,33.14,12.6,1.48,2020
CBG.BK,2021-12-31,19185.65,9074.86,10209.29,1000.0,17570.33,17364.32,14125.56,3444.77,2881.0,2.88,18.99,28.57,16.18,0.9,2021-12-30,119.5,119500.0,9.61,38.04,12.44,2.01,2021
CBG.BK,2022-09-30,19934.64,9758.63,10281.93,1000.0,14891.86,14725.09,12589.81,2302.05,1877.99,1.88,15.58,25.05,12.38,0.96,2022-12-30,96.75,96750.0,10.28,38.84,9.41,1.96,2022
CBG.BK,,,,,,,,,,,,,,,,2023-01-13,103.5,103500.0,10.28,41.55,10.07,1.84,2023
CENTEL.BK,2019-12-31,27589.6,13445.98,13670.32,1350.0,21291.05,20622.75,19016.45,2304.0,1744.24,1.29,8.53,13.13,8.5,0.95,2019-12-30,25.0,33750.0,9.79,19.24,2.55,2.6,2019
CENTEL.BK,2020-12-31,35350.14,25134.59,9922.77,1350.0,13249.45,12892.74,15892.58,-2664.08,-2775.11,-2.06,-8.47,-23.52,-21.87,2.46,2020-12-30,23.7,31995.0,8.43,,2.81,,2020
CENTEL.BK,2021-12-31,48592.54,30160.85,18076.41,1350.0,11635.4,11211.25,12688.32,-1117.0,-1733.21,-1.28,-2.66,-12.38,-15.1,1.64,2021-12-30,31.25,42187.5,13.32,,2.35,,2021
CENTEL.BK,2022-09-30,48487.28,29656.16,18451.02,1350.0,12713.74,12306.83,12135.26,512.13,-99.69,-0.07,1.65,0.29,-0.74,1.57,2022-12-30,50.25,67837.5,13.67,1288.68,3.68,,2022
CENTEL.BK,,,,,,,,,,,,,,,,2023-01-13,51.0,68850.0,13.67,1307.91,3.73,,2023
CHG.BK,2019-12-31,6265.69,2370.25,3702.47,1100.0,5190.87,5165.61,4301.75,889.12,705.24,0.06,14.85,19.41,12.8,0.61,2019-12-30,2.58,28380.0,0.33,41.58,7.92,1.94,2019
CHG.BK,2020-12-31,6200.79,2007.61,4024.47,1100.0,5464.48,5432.84,4357.74,1106.74,876.62,0.08,17.76,22.69,15.6,0.48,2020-12-30,2.46,27060.0,0.34,35.73,7.18,2.03,2020
CHG.BK,2021-12-31,10549.69,2708.72,7568.94,1100.0,12001.36,11742.17,6703.76,5297.6,4204.07,0.38,63.25,72.53,35.56,0.35,2021-12-30,3.66,40260.0,0.52,15.22,6.99,1.37,2021
CHG.BK,2022-09-30,10741.19,3146.09,7257.05,1100.0,8595.08,8382.19,5359.77,3235.31,2493.11,0.23,53.29,66.17,29.8,0.41,2022-12-30,3.68,40480.0,0.66,9.4,5.58,5.43,2022
CHG.BK,,,,,,,,,,,,,,,,2023-01-13,3.78,41580.0,0.66,9.66,5.73,5.29,2023
CK.BK,2019-12-31,82585.59,54773.07,27392.67,1693.9,24748.82,23009.8,23457.54,3145.22,1777.78,1.05,3.79,6.73,7.24,1.97,2019-12-30,19.0,32184.04,16.09,17.03,1.18,2.63,2019
CK.BK,2020-12-31,82774.02,56503.38,25846.62,1693.9,18167.02,16745.77,17367.95,1930.89,612.16,0.37,2.34,2.3,3.45,2.15,2020-12-30,16.6,28118.69,16.02,28.06,1.04,2.46,2020
CK.BK,2021-12-31,83420.94,57312.98,25668.9,1693.9,13996.33,12459.26,13150.19,2356.95,905.7,0.55,2.84,3.52,6.67,2.2,2021-12-30,22.9,38790.24,15.6,55.13,1.47,0.87,2021
CK.BK,2022-09-30,82788.44,57722.36,24630.08,1693.9,15293.65,14359.16,14538.83,2078.02,992.33,0.6,3.06,4.34,6.54,2.3,2022-12-30,24.3,41161.69,14.86,36.73,1.64,1.03,2022
CK.BK,,,,,,,,,,,,,,,,2023-01-13,23.6,39975.97,14.86,35.67,1.59,1.06,2023
CKP.BK,2019-12-31,64190.93,28644.23,23548.68,8129.38,8840.21,8376.89,7019.21,2256.39,768.9,0.1,3.56,3.67,12.25,0.81,2019-12-30,4.96,40321.73,2.89,106.66,1.75,0.51,2019
CKP.BK,2020-12-31,67038.45,32000.46,23774.41,8129.38,7177.49,6695.05,6417.56,1178.15,404.71,0.05,1.8,1.71,2.75,0.91,2020-12-30,4.46,36257.05,2.87,39.87,1.56,0.67,2020
CKP.BK,2021-12-31,68977.35,32847.28,24833.76,8129.38,9369.49,8797.74,7014.43,3882.8,2179.01,0.27,5.71,8.97,29.36,0.91,2021-12-30,5.0,40646.91,3.02,19.69,1.66,0.7,2021
CKP.BK,2022-09-30,69627.39,32618.61,25598.65,8129.38,8736.68,8310.85,7166.75,3591.42,2364.39,0.29,5.86,9.93,31.4,0.88,2022-12-30,4.56,37069.99,3.15,14.91,1.45,1.75,2022
CKP.BK,,,,,,,,,,,,,,,,2023-01-13,4.7,38208.1,3.15,15.36,1.49,1.7,2023
COM7.BK,2019-12-31,9159.67,5783.52,3373.79,300.0,33390.19,33362.46,31871.08,1556.98,1216.32,1.01,18.59,39.59,3.64,1.71,2019-12-30,26.5,31800.0,2.5,29.02,10.6,1.89,2019
COM7.BK,2020-12-31,9206.72,5335.89,3852.29,300.0,37352.9,37306.11,35581.96,1876.24,1490.68,1.24,20.43,41.26,4.0,1.38,2020-12-30,39.0,46800.0,2.75,35.46,14.17,2.05,2020
COM7.BK,2021-12-31,15965.74,10664.99,5284.86,300.0,51154.66,51126.44,48041.98,3231.08,2630.39,2.19,25.67,57.58,5.14,2.01,2021-12-30,81.75,98100.0,3.65,43.04,22.42,1.22,2021
COM7.BK,2022-09-30,19603.54,13182.4,6344.54,600.0,44182.17,43954.38,41458.94,2723.22,2127.95,0.89,24.51,56.63,4.83,2.05,2022-12-30,34.0,81599.94,2.66,26.72,12.78,1.48,2022
COM7.BK,,,,,,,,,,,,,,,,2023-01-13,33.75,80999.94,2.66,26.52,12.69,1.49,2023
CPALL.BK,2019-12-31,375617.45,267249.66,93738.86,8983.1,571006.48,550900.79,537625.22,33484.84,22343.08,2.38,8.94,25.02,3.97,2.47,2019-12-30,72.25,649029.07,9.83,29.87,7.35,1.66,2019
CPALL.BK,2020-12-31,523354.33,411759.3,96758.74,8983.1,546364.02,525884.32,518738.22,27788.36,16102.42,1.68,6.18,16.91,3.02,3.69,2020-12-30,58.25,523265.65,10.36,27.99,5.62,2.15,2020
CPALL.BK,2021-12-31,931892.56,639085.34,104134.13,8983.1,587189.76,565207.29,568864.39,25220.39,12985.48,1.33,3.47,12.93,2.05,2.18,2021-12-30,59.0,530002.98,10.69,53.78,5.52,1.53,2021
CPALL.BK,2022-09-30,899547.49,612088.98,98626.36,8983.1,627194.78,610235.9,600500.64,27110.32,10133.98,1.05,5.08,17.3,1.94,2.13,2022-12-30,68.25,613096.67,10.98,36.41,6.22,0.88,2022
CPALL.BK,,,,,,,,,,,,,,,,2023-01-13,68.25,613096.67,10.98,36.41,6.22,0.88,2023
CPF.BK,2019-12-31,634050.56,415178.17,168275.26,8611.24,536775.52,532573.47,510440.07,43328.34,18455.81,2.18,6.87,11.06,4.49,1.9,2019-12-30,27.5,236809.17,19.73,14.69,1.39,2.36,2019
CPF.BK,2020-12-31,761719.09,499540.52,191936.79,8611.24,595011.1,589712.92,545074.26,71911.15,26022.39,3.14,10.3,14.45,7.41,1.91,2020-12-30,26.75,230350.73,22.79,9.53,1.17,2.68,2020
CPF.BK,2021-12-31,842680.62,555543.77,215066.99,8611.24,517584.4,512704.45,497416.6,33328.44,13028.26,1.56,4.15,6.4,2.72,1.93,2021-12-30,25.5,219586.68,24.94,16.86,1.02,3.94,2021
CPF.BK,2022-09-30,932852.04,630606.21,257668.08,8611.24,458427.33,455148.8,430822.06,33590.06,12157.91,1.48,4.97,8.08,2.74,2.09,2022-12-30,24.8,213558.81,30.74,11.01,0.81,2.63,2022
CPF.BK,,,,,,,,,,,,,,,,2023-01-13,24.2,208392.07,30.8,10.73,0.79,2.7,2023
CPN.BK,2019-12-31,169933.03,89470.77,72128.41,2244.0,38402.81,36719.39,24925.16,14957.08,11738.4,2.62,9.02,17.03,30.75,1.11,2019-12-30,62.25,279378.0,15.25,26.36,4.08,1.77,2019
CPN.BK,2020-12-31,221773.51,144650.21,68790.05,2244.0,33161.11,27862.03,20572.58,13630.13,9557.1,2.13,6.96,13.56,29.0,1.88,2020-12-30,47.75,214302.0,14.84,19.04,3.22,1.68,2020
CPN.BK,2021-12-31,263420.84,181345.65,73102.18,2244.0,30397.53,26260.96,20283.6,10817.89,7148.45,1.59,4.46,10.08,23.78,2.21,2021-12-30,56.5,253572.0,15.97,34.37,3.54,1.24,2021
CPN.BK,2022-09-30,269849.21,182798.88,78950.38,2244.0,27717.53,26511.77,17363.06,11480.03,7953.81,1.77,5.38,13.0,29.01,2.1,2022-12-30,71.0,318648.0,17.66,32.49,4.02,0.85,2022
CPN.BK,,,,,,,,,,,,,,,,2023-01-13,69.5,311916.0,17.66,31.8,3.94,0.86,2023
CRC.BK,2019-12-31,187021.92,146062.59,28249.96,4700.0,222486.15,204009.07,207187.95,15939.97,10633.26,2.26,8.74,25.44,5.56,3.57,,,,,,,,2019
CRC.BK,2020-12-31,239179.95,183464.98,53393.74,6031.0,194311.43,179947.45,192036.04,2407.31,46.27,0.01,1.13,0.11,0.18,3.29,2020-12-30,30.75,185453.25,9.68,37.31,3.18,,2020
CRC.BK,2021-12-31,263227.82,204146.57,56388.47,6031.0,195653.81,181791.2,192914.44,3018.45,59.37,0.01,1.2,0.11,0.14,3.46,2021-12-30,32.0,192992.0,9.16,,3.49,1.25,2021
CRC.BK,2022-09-30,270999.63,204233.45,63900.4,6031.0,171098.03,159812.59,163835.43,7773.27,3863.81,0.64,4.29,10.47,2.45,3.06,2022-12-30,46.25,278933.75,10.6,44.74,4.37,0.65,2022
CRC.BK,,,,,,,,,,,,,,,,2023-01-13,44.5,268379.5,10.6,43.05,4.2,0.67,2023
DELTA.BK,2019-12-31,45958.29,12951.94,33010.22,1247.38,51838.37,51171.61,48924.4,2972.27,2959.96,2.37,6.31,8.84,5.69,0.39,2019-12-30,53.5,66734.92,26.41,18.62,2.03,4.3,2019
DELTA.BK,2020-12-31,57218.93,19611.5,37611.74,1247.38,63826.88,63208.01,56919.98,7260.61,7101.64,5.69,14.07,20.11,11.05,0.52,2020-12-30,486.0,606227.46,29.58,102.7,16.43,0.37,2020
DELTA.BK,2021-12-31,69338.37,27934.07,41404.3,1247.38,84814.62,84318.36,79027.37,6805.07,6699.01,5.37,10.75,16.96,7.9,0.67,2021-12-30,412.0,513921.22,31.79,83.09,12.96,0.8,2021
DELTA.BK,2022-09-30,86562.79,35089.02,51473.77,1247.38,84712.65,83951.83,74159.4,11313.84,11153.59,8.94,17.6,29.08,13.17,0.68,2022-12-30,830.0,1035326.74,41.27,78.14,20.11,0.2,2022
DELTA.BK,,,,,,,,,,,,,,,,2023-01-13,830.0,1035326.74,41.27,78.14,20.11,0.2,2023
DOHOME.BK,2019-12-31,18151.71,11691.34,6460.37,1856.16,17971.82,17730.35,16816.15,1155.67,725.51,0.46,6.64,12.89,4.04,1.81,2019-12-30,9.75,18097.56,3.41,28.92,2.86,,2019
DOHOME.BK,2020-12-31,20765.17,13675.41,7089.75,2165.52,18924.82,18617.76,17775.76,1149.06,726.68,0.34,5.91,10.73,3.84,1.93,2020-12-30,14.0,30317.25,3.17,45.68,4.41,0.11,2020
DOHOME.BK,2021-12-31,27226.51,16346.77,10879.74,2422.17,25937.13,25784.6,23413.56,2523.57,1818.06,0.76,10.52,20.23,7.01,1.5,2021-12-30,23.3,56436.56,4.36,33.19,5.35,0.04,2021
DOHOME.BK,2022-09-30,32459.7,20792.21,11667.49,2906.74,23829.95,23677.84,22565.3,1264.65,825.22,0.28,5.97,10.43,3.46,1.78,2022-12-30,14.8,43019.76,4.01,37.14,3.69,0.13,2022
DOHOME.BK,,,,,,,,,,,,,,,,2023-01-13,14.6,42438.41,4.01,36.63,3.64,0.13,2023
DTAC.BK,2019-12-31,167338.82,142372.4,24966.41,4735.62,81228.2,81167.14,71544.21,9660.02,5421.89,2.29,6.07,23.12,6.67,5.7,2019-12-30,53.25,126085.94,10.3,,5.17,1.9,2019
DTAC.BK,2020-12-31,174280.39,149964.96,24315.42,4735.62,78883.4,78818.0,70382.73,8818.64,5107.12,2.16,5.16,20.73,6.47,6.17,2020-12-30,33.25,78729.72,10.16,14.78,3.27,8.63,2020
DTAC.BK,2021-12-31,164314.65,144147.17,20167.48,4735.62,81458.06,81320.0,74531.69,6777.75,3355.93,1.42,4.0,15.09,4.12,7.15,2021-12-30,45.75,108327.35,8.44,31.26,5.42,6.54,2021
DTAC.BK,2022-09-30,157189.26,139302.23,17887.03,4735.62,60141.27,60119.78,55245.31,4863.24,2218.27,0.94,3.51,12.61,3.69,7.79,2022-12-30,46.75,110695.16,7.55,46.33,6.19,4.49,2022
DTAC.BK,,,,,,,,,,,,,,,,2023-01-13,47.25,111879.07,7.55,46.82,6.25,4.44,2023
EA.BK,2019-12-31,70219.69,45353.23,23364.51,373.0,14954.54,14886.87,7698.23,7402.13,6081.62,1.63,11.44,29.31,40.3,1.82,2019-12-30,43.75,163187.5,5.74,31.99,7.63,0.57,2019
EA.BK,2020-12-31,78483.77,48856.89,27811.52,373.0,17196.26,17079.56,10468.49,6665.96,5204.57,1.4,8.97,20.34,29.35,1.65,2020-12-30,49.25,183702.5,7.14,33.58,6.9,0.61,2020
EA.BK,2021-12-31,85476.25,50374.53,32501.02,373.0,20558.1,20173.81,13330.68,7320.24,6100.07,1.64,8.93,20.23,28.84,1.44,2021-12-30,96.0,358080.0,8.24,62.79,11.65,0.31,2021
EA.BK,2022-09-30,95663.29,56818.05,36575.24,373.0,17877.42,15828.22,11790.4,6223.72,5432.04,1.46,9.33,21.73,28.55,1.46,2022-12-30,97.0,361810.0,9.81,49.47,9.89,0.31,2022
EA.BK,,,,,,,,,,,,,,,,2023-01-13,89.5,333835.0,9.81,45.65,9.13,0.34,2023
EGCO.BK,2019-12-31,208522.6,103416.2,104490.41,5264.65,41055.02,37510.94,31921.13,15238.98,13059.24,24.81,7.34,12.76,31.97,0.98,2019-12-30,328.0,172680.52,195.6,17.55,1.68,2.9,2019
EGCO.BK,2020-12-31,214437.69,111603.45,102243.2,5264.65,37782.97,33577.67,29479.19,14002.63,8733.03,16.59,6.62,8.45,23.18,1.09,2020-12-30,192.5,101344.51,193.42,10.7,1.0,3.38,2020
EGCO.BK,2021-12-31,241932.0,127895.31,113440.87,5264.65,38136.94,35903.41,31213.12,13024.64,4103.84,7.8,5.71,3.81,10.8,1.12,2021-12-30,175.5,92394.61,214.34,18.58,0.82,3.7,2021
EGCO.BK,2022-09-30,273054.45,142490.59,130223.78,5264.65,44200.77,42685.35,37719.47,14855.93,2946.45,5.6,6.42,3.19,6.6,1.09,2022-12-30,172.5,90815.21,247.36,23.4,0.7,3.77,2022
EGCO.BK,,,,,,,,,,,,,,,,2023-01-13,174.5,91868.14,247.36,23.67,0.71,3.72,2023
EPG.BK,2019-03-31,13393.19,3077.92,10292.55,2800.0,10622.59,10586.82,9798.46,994.89,904.32,0.32,7.5,8.87,8.5,0.3,2019-12-30,6.25,17500.0,3.68,19.87,1.7,3.52,2019
EPG.BK,2020-03-31,14032.19,3457.96,10555.13,2800.0,10269.8,10227.46,9302.03,1097.72,1002.8,0.36,8.01,9.62,9.73,0.33,2020-12-30,7.1,19880.0,3.71,23.57,1.91,3.1,2020
EPG.BK,2021-03-31,15404.77,4364.34,11019.28,2800.0,9740.15,9581.69,8533.24,1317.88,1218.89,0.44,8.95,11.3,12.54,0.4,2021-12-30,11.2,31360.0,4.1,18.49,2.73,2.5,2021
EPG.BK,2022-03-31,16268.11,4455.72,11785.47,2800.0,11825.43,11769.59,10360.08,1757.5,1596.96,0.57,11.1,14.01,13.55,0.38,2022-12-30,9.9,27720.0,4.27,20.52,2.32,3.33,2022
EPG.BK,,19832.5,7836.06,11968.05,2800.0,6139.65,6112.62,5587.48,713.92,614.54,0.22,8.51,11.52,10.02,0.65,2023-01-13,9.3,26040.0,4.27,19.28,2.18,3.55,2023
ESSO.BK,2019-12-31,66242.63,44124.7,22110.5,17075.18,169430.07,169348.19,173454.07,-3644.01,-3065.7,-0.89,-5.69,-12.79,-1.81,1.99,2019-12-30,8.65,29936.42,7.02,,1.23,3.47,2019
ESSO.BK,2020-12-31,61378.09,47018.56,14352.09,17075.18,126738.85,126671.72,136624.35,-9600.4,-7911.07,-2.29,-15.05,-43.39,-6.24,3.27,2020-12-30,7.4,25610.35,3.88,,1.91,,2020
ESSO.BK,2021-12-31,70054.6,50846.27,19200.9,17075.18,172907.15,172878.35,167328.39,5805.57,4443.21,1.28,8.83,26.48,2.57,2.65,2021-12-30,7.35,25437.31,5.27,6.16,1.4,,2021
ESSO.BK,2022-09-30,95817.1,67035.62,28774.05,17075.18,199380.76,199362.79,185610.87,14004.02,11071.7,3.2,18.29,50.3,5.55,2.33,2022-12-30,12.6,43606.81,8.31,3.69,1.52,,2022
ESSO.BK,,,,,,,,,,,,,,,,2023-01-13,9.4,32532.07,8.31,2.75,1.13,,2023
FORTH.BK,2019-12-31,7617.02,5170.93,1506.85,480.0,6803.85,6518.89,5999.83,802.37,331.36,0.35,9.73,20.76,8.9,2.11,2019-12-30,5.55,5328.0,1.52,14.43,3.65,9.98,2019
FORTH.BK,2020-12-31,7822.37,5594.16,1292.39,480.0,7082.6,6791.55,6238.82,831.46,438.84,0.47,10.77,31.35,9.12,2.51,2020-12-30,6.1,5856.0,1.19,17.91,5.13,6.93,2020
FORTH.BK,2021-12-31,8817.62,6198.9,1702.83,480.0,8812.73,8513.0,7687.89,1163.95,722.76,0.77,13.99,48.26,10.16,2.37,2021-12-30,21.2,20352.0,1.61,27.34,13.2,1.51,2021
FORTH.BK,2022-09-30,10541.43,7503.03,1930.06,480.0,7183.35,6890.16,6130.34,1067.23,618.58,0.66,14.67,46.87,11.52,2.47,2022-12-30,32.25,30960.0,2.06,37.49,15.63,1.4,2022
FORTH.BK,,,,,,,,,,,,,,,,2023-01-13,34.25,32880.0,2.06,39.82,16.6,1.31,2023
GLOBAL.BK,2019-12-31,35986.39,19855.47,15912.14,4201.54,29182.28,28259.23,26336.55,2875.08,2093.47,0.5,8.58,13.69,7.24,1.23,2019-12-30,16.2,68064.96,3.65,35.47,4.44,1.21,2019
GLOBAL.BK,2020-12-31,36020.3,18806.46,16981.18,4401.61,27353.89,26905.04,24701.05,2676.18,1955.96,0.44,7.43,11.89,7.22,1.09,2020-12-30,17.0,74827.37,3.78,34.45,4.5,1.15,2020
GLOBAL.BK,2021-12-31,39274.6,19438.55,19560.85,4601.67,34116.11,33615.28,29874.16,4322.7,3343.58,0.73,11.48,18.3,9.85,0.98,2021-12-30,20.0,92033.42,4.09,30.94,4.89,0.89,2021
GLOBAL.BK,2022-09-30,40561.65,18877.54,21355.93,4801.74,27571.49,27162.79,23843.31,3819.04,2959.57,0.62,12.42,18.46,10.79,0.87,2022-12-30,22.4,107558.9,4.45,29.02,5.04,1.09,2022
GLOBAL.BK,,,,,,,,,,,,,,,,2023-01-13,20.8,99876.12,4.45,26.95,4.68,1.17,2023
GPSC.BK,2019-12-31,252016.62,141840.91,100893.03,28197.29,67480.77,66562.5,57247.07,11388.19,4060.8,2.25,7.2,5.76,8.89,1.29,2019-12-30,85.75,241791.79,18.69,71.07,8.64,0.77,2019
GPSC.BK,2020-12-31,256656.32,144788.95,102901.39,28197.29,70982.68,69577.98,58401.87,13506.47,7508.13,2.66,5.31,7.37,11.96,1.29,2020-12-30,73.75,207955.04,35.88,28.9,2.06,1.44,2020
GPSC.BK,2021-12-31,270379.12,152631.58,108334.28,28197.29,78148.08,74873.53,66698.69,12892.18,7318.58,2.6,4.89,6.93,10.03,1.3,2021-12-30,88.75,250250.98,37.4,32.89,2.37,1.69,2021
GPSC.BK,2022-09-30,292860.36,175721.72,107286.96,28197.29,90728.05,88845.93,87135.83,4536.31,1327.86,0.47,2.52,2.35,1.75,1.5,2022-12-30,73.0,205840.24,38.05,82.46,1.92,2.05,2022
GPSC.BK,,,,,,,,,,,,,,,,2023-01-13,74.0,208659.97,38.05,83.59,1.94,2.03,2023
GULF.BK,2019-12-31,134277.54,85237.6,38427.11,10666.5,30343.36,30039.67,24504.15,10048.13,4886.56,2.29,7.79,13.04,23.62,1.74,2019-12-30,166.0,354127.8,17.71,78.09,9.37,0.72,2019
GULF.BK,2020-12-31,245580.51,173500.69,64027.15,11733.15,33370.44,32827.13,25782.15,9916.6,4282.11,0.39,5.22,8.36,18.41,2.41,2020-12-30,34.25,401860.39,4.98,120.22,6.88,0.69,2020
GULF.BK,2021-12-31,362673.85,255164.71,96595.95,11733.15,49983.74,47467.33,36685.4,15109.61,7670.3,0.65,4.97,9.55,18.34,2.37,2021-12-30,45.75,536791.61,7.6,82.95,6.02,0.83,2021
GULF.BK,2022-09-30,421620.77,299210.19,106843.21,11733.15,67470.34,67262.84,55396.53,13164.79,6011.92,0.51,4.91,9.24,9.82,2.44,2022-12-30,55.25,648256.54,9.11,71.59,6.07,0.8,2022
GULF.BK,,,,,,,,,,,,,,,,2023-01-13,54.0,633590.1,9.11,69.97,5.93,0.81,2023
GUNKUL.BK,2019-12-31,39041.54,27708.63,10712.21,2220.63,7175.37,5522.6,4290.57,3173.35,2147.33,0.24,8.5,21.89,30.97,2.44,2019-12-30,2.98,26469.94,1.17,13.25,2.54,0.28,2019
GUNKUL.BK,2020-12-31,46032.16,33556.84,12349.84,2220.63,8996.95,7452.94,6563.58,4456.47,3412.34,0.39,10.48,29.59,38.07,2.69,2020-12-30,2.52,22383.98,1.24,9.85,2.04,5.4,2020
GUNKUL.BK,2021-12-31,42485.35,29202.13,13121.61,2220.63,9868.13,9318.16,6676.08,3409.88,2229.27,0.25,7.7,17.5,22.82,2.2,2021-12-30,5.6,49742.17,1.45,14.57,3.87,3.21,2021
GUNKUL.BK,2022-09-30,33585.35,18890.0,14627.54,2220.63,5963.77,5931.07,4477.01,3792.19,2821.13,0.32,12.07,24.22,47.36,1.29,2022-12-30,5.25,46633.29,1.65,14.01,3.19,3.43,2022
GUNKUL.BK,,,,,,,,,,,,,,,,2023-01-13,5.1,45300.91,1.65,13.61,3.1,3.53,2023
HANA.BK,2019-12-31,24426.18,3880.57,20545.62,804.88,20915.93,20384.42,19324.18,1926.08,1804.58,2.24,7.74,8.67,8.63,0.19,2019-12-30,34.5,27768.32,25.95,14.67,1.33,5.8,2019
HANA.BK,2020-12-31,25180.13,3566.52,21613.61,804.88,19672.68,19282.52,17971.06,1837.32,1907.74,2.37,7.41,9.05,9.7,0.17,2020-12-30,39.75,31993.93,27.22,18.13,1.46,3.27,2020
HANA.BK,2021-12-31,27852.97,4794.87,23058.09,804.88,24137.0,23780.18,22371.67,1605.51,1545.31,1.92,6.05,6.92,6.4,0.21,2021-12-30,88.5,71231.78,29.71,30.92,2.98,1.58,2021
HANA.BK,2022-09-30,30176.03,6378.19,23797.84,804.88,20380.93,20042.06,18662.22,1109.16,1026.59,1.28,3.6,4.07,5.04,0.27,2022-12-30,51.5,41451.26,29.57,42.73,1.74,3.88,2022
HANA.BK,,,,,,,,,,,,,,,,2023-01-13,58.5,47085.41,29.57,48.53,1.98,3.42,2023
HMPRO.BK,2019-12-31,52048.96,30910.88,21138.08,13151.2,67423.88,65253.31,59414.84,8009.04,6176.59,0.47,14.99,30.09,9.16,1.46,2019-12-30,16.0,210419.17,1.48,34.41,10.8,2.19,2019
HMPRO.BK,2020-12-31,56090.77,34525.53,21565.24,13151.2,61765.43,59873.93,55116.58,6648.84,5154.7,0.39,12.3,24.14,8.35,1.6,2020-12-30,13.7,180171.41,1.52,33.63,9.0,2.77,2020
HMPRO.BK,2021-12-31,58586.35,35695.91,22890.43,13151.2,63925.79,61791.07,56883.05,7042.74,5440.52,0.41,12.28,24.48,8.51,1.56,2021-12-30,14.5,190692.37,1.6,36.6,9.06,2.07,2021
HMPRO.BK,2022-09-30,62418.64,39822.19,22596.44,13151.2,50921.57,49232.38,44971.0,5950.57,4564.35,0.35,13.88,29.05,8.96,1.76,2022-12-30,15.5,203843.57,1.72,32.16,9.02,2.06,2022
HMPRO.BK,,,,,,,,,,,,,,,,2023-01-13,15.4,202528.45,1.72,31.95,8.96,2.08,2023
INTUCH.BK,2019-12-31,49534.54,9085.5,34525.17,3206.42,5296.9,4877.54,6986.54,10416.09,11083.01,3.46,20.93,33.95,184.37,0.22,2019-12-30,57.25,183567.56,10.12,16.63,5.66,4.73,2019
INTUCH.BK,2020-12-31,52636.61,8495.84,38063.61,3206.51,4571.97,3667.75,3954.44,11666.64,11047.65,3.45,22.84,30.44,248.33,0.19,2020-12-30,56.25,180366.16,11.06,17.56,5.09,4.71,2020
INTUCH.BK,2021-12-31,53983.6,7282.72,40686.76,3206.6,3735.01,3323.34,3640.58,11085.34,10748.22,3.35,20.79,27.3,290.16,0.16,2021-12-30,80.25,257329.53,11.86,23.82,6.77,3.12,2021
INTUCH.BK,2022-09-30,51093.15,7588.63,37633.29,3206.69,2374.21,2200.73,2028.59,8155.19,7651.64,2.39,20.63,27.13,334.32,0.17,2022-12-30,77.25,247716.62,11.74,24.13,6.58,3.66,2022
INTUCH.BK,,,,,,,,,,,,,,,,2023-01-13,74.0,237294.89,11.74,23.12,6.31,3.82,2023
IRPC.BK,2019-12-31,177850.39,94448.28,83255.73,20434.42,241623.85,239314.61,243625.51,6.99,-1174.04,-0.06,0.0,-1.38,-0.47,1.13,2019-12-30,3.68,75198.66,4.15,,0.89,5.16,2019
IRPC.BK,2020-12-31,173490.55,97824.63,75526.4,20434.42,175281.72,174462.55,182006.27,-5782.17,-6151.7,-0.3,-3.29,-7.75,-3.5,1.29,2020-12-30,3.72,76016.04,3.63,,1.03,2.69,2020
IRPC.BK,2021-12-31,190491.86,102779.57,87495.58,20434.42,256622.74,255114.61,236766.41,18626.78,14504.62,0.71,10.23,17.79,5.66,1.17,2021-12-30,3.84,78468.17,4.16,5.64,0.92,1.56,2021
IRPC.BK,2022-09-30,203083.27,116253.91,86601.86,20434.42,268726.97,267792.88,256186.17,4747.56,2785.02,0.14,3.94,5.8,1.04,1.34,2022-12-30,3.02,61711.95,4.24,12.39,0.71,7.28,2022
IRPC.BK,,,,,,,,,,,,,,,,2023-01-13,3.14,64164.08,4.24,12.89,0.74,7.01,2023
IVL.BK,2019-12-31,380567.91,242400.62,129711.92,5614.55,355864.78,352692.45,344061.13,11512.84,5252.11,0.76,3.03,3.83,1.23,1.75,2019-12-30,35.0,196509.32,24.07,21.54,1.45,3.99,2019
IVL.BK,2020-12-31,453171.51,317563.72,126655.0,5614.55,336542.78,331512.91,327574.23,9230.8,2414.28,0.3,2.21,1.88,0.83,2.34,2020-12-30,37.0,207738.42,23.0,,1.61,3.31,2020
IVL.BK,2021-12-31,541828.24,370824.81,158768.67,5614.55,473072.95,468108.32,430858.35,42077.66,26288.03,4.55,8.46,18.42,5.97,2.17,2021-12-30,43.25,242829.37,27.73,10.94,1.56,1.62,2021
IVL.BK,2022-09-30,714864.22,485384.83,211663.02,5614.55,519943.98,512479.98,459063.62,61980.87,42484.87,7.47,11.48,26.07,8.89,2.12,2022-12-30,40.75,228792.99,37.7,4.78,1.08,2.45,2022
IVL.BK,,,,,,,,,,,,,,,,2023-01-13,41.75,234407.54,37.7,4.9,1.11,2.4,2023
JAS.BK,2019-12-31,69873.68,48689.51,20152.12,4082.67,18601.19,18174.9,18196.91,17413.82,7264.61,0.9,28.37,38.76,39.1,2.3,2019-12-30,5.0,40826.75,2.26,12.58,2.21,11.24,2019
JAS.BK,2020-12-31,99747.41,94791.36,3914.61,4296.41,19204.75,18662.02,19030.42,1191.29,-3125.75,-0.37,1.4,-25.98,-16.21,19.13,2020-12-30,3.18,27325.16,0.76,14.06,4.17,54.0,2020
JAS.BK,2021-12-31,95634.54,90033.99,4436.58,4296.41,20372.96,19702.48,18461.61,2807.9,-1500.7,-0.17,2.87,-35.94,-6.79,16.08,2021-12-30,3.5,30074.86,0.28,,12.7,7.1,2021
JAS.BK,2022-09-30,90900.95,86032.08,3614.41,4296.41,15250.9,15189.92,13698.62,2253.04,-822.17,-0.1,3.67,-25.98,-4.8,17.67,2022-12-30,2.2,18904.2,0.42,,5.23,,2022
JAS.BK,,,,,,,,,,,,,,,,2023-01-13,2.3,19763.48,0.42,,5.47,,2023
JMART.BK,2019-12-31,20372.77,15140.34,3385.47,906.61,11850.43,8561.77,10416.15,1500.88,533.85,0.59,7.54,17.13,6.69,2.89,2019-12-30,8.35,7570.18,4.44,31.16,2.32,,2019
JMART.BK,2020-12-31,25901.09,19134.93,3739.18,921.43,11714.66,11204.02,9612.89,2129.2,797.87,0.88,9.2,22.4,11.05,2.83,2020-12-30,20.0,18428.67,3.77,27.07,5.39,1.28,2020
JMART.BK,2021-12-31,45278.28,18455.66,17264.5,1382.21,12335.52,8625.7,9884.97,4115.7,2467.59,2.39,11.56,23.5,25.28,0.69,2021-12-30,57.5,79477.29,5.09,71.81,15.12,0.82,2021
JMART.BK,2022-09-30,45920.28,17579.55,16826.62,1426.18,10824.34,7447.85,8671.85,2585.42,1278.02,0.9,12.6,26.35,16.89,0.62,2022-12-30,40.75,58148.31,11.8,19.98,3.46,3.55,2022
JMART.BK,,,,,,,,,,,,,,,,2023-01-13,42.5,61936.08,12.17,21.28,3.49,3.34,2023
JMT.BK,2019-12-31,10141.67,6708.39,3395.58,444.0,2536.36,,1505.67,1045.07,681.36,0.77,11.3,20.07,25.61,1.95,2019-12-30,20.0,17759.82,3.59,28.93,5.57,3.7,2019
JMT.BK,2020-12-31,14270.41,8515.87,5724.07,488.05,3206.83,,1677.41,1523.61,1047.04,1.15,12.48,22.96,32.31,1.48,2020-12-30,36.0,35139.29,5.63,38.38,7.0,1.47,2020
JMT.BK,2021-12-31,28036.23,8958.57,19032.13,683.66,3656.2,,1690.98,1965.22,1400.37,1.29,9.29,11.31,37.72,0.47,2021-12-30,68.5,93660.74,7.41,74.72,11.06,0.91,2021
JMT.BK,2022-09-30,28725.28,6128.72,22523.39,729.56,3303.42,,1809.41,1529.31,1255.8,0.88,9.0,11.18,36.17,0.27,2022-12-30,69.0,100681.27,15.44,58.1,4.47,1.04,2022
JMT.BK,,,,,,,,,,,,,,,,2023-01-13,69.5,101411.49,15.44,58.52,4.5,1.03,2023
KBANK.BK,2019-12-31,3293888.99,2840174.27,406357.62,23932.6,185002.38,,148070.61,81240.13,38726.74,16.18,2.52,9.9,23.48,6.26,2019-12-30,151.0,361382.29,167.57,9.78,0.9,2.65,2019
KBANK.BK,2020-12-31,3658797.76,3167511.71,439669.63,23693.28,176921.41,,144808.98,59916.8,29487.12,12.42,1.72,6.97,19.04,6.45,2020-12-30,113.0,267734.02,172.5,10.7,0.66,4.43,2020
KBANK.BK,2021-12-31,4103398.52,3566723.5,476713.71,23693.28,258001.38,,211690.6,67996.95,38052.72,15.77,1.75,8.3,16.37,6.65,2021-12-30,142.0,336444.52,195.99,8.12,0.72,1.76,2021
KBANK.BK,2022-09-30,4229795.37,3672186.88,500247.56,23693.28,198404.22,,157662.85,54072.33,32578.69,13.43,1.71,8.81,16.79,6.59,2022-12-30,147.5,349475.82,211.13,8.23,0.7,2.2,2022
KBANK.BK,,,,,,,,,,,,,,,,2023-01-13,155.0,367245.78,211.13,8.65,0.73,2.1,2023
KCE.BK,2019-12-31,16501.0,4739.06,11712.33,586.4,12288.69,12097.37,11256.37,1051.49,934.49,0.8,6.07,7.9,7.73,0.4,2019-12-30,24.5,28733.44,9.81,27.03,2.5,4.49,2019
KCE.BK,2020-12-31,17377.04,5315.02,12009.88,589.03,11741.86,11527.16,10464.3,1287.4,1126.79,0.96,7.6,9.5,9.73,0.44,2020-12-30,41.5,48889.58,9.84,48.99,4.23,1.92,2020
KCE.BK,2021-12-31,21950.73,8508.64,13380.41,590.79,15329.77,14937.78,12620.93,2726.25,2426.28,2.06,13.86,19.11,16.05,0.63,2021-12-30,88.0,103979.88,10.73,49.38,8.2,0.91,2021
KCE.BK,2022-09-30,21641.34,8714.44,12876.62,590.94,14116.75,13833.86,12130.91,2000.25,1816.92,1.54,13.24,19.71,13.04,0.67,2022-12-30,46.5,54961.4,10.9,21.83,4.27,3.44,2022
KCE.BK,,,,,,,,,,,,,,,,2023-01-13,52.0,61462.21,10.9,24.41,4.77,3.08,2023
KEX.BK,2019-12-31,6014.21,3781.04,2233.16,120.0,19894.6,19781.93,18218.31,1676.3,1328.55,5.54,27.87,59.49,6.68,1.69,,,,,,,,2019
KEX.BK,2020-12-31,19318.24,8470.76,10847.47,870.0,19010.05,18917.06,17164.03,1846.02,1405.03,1.11,14.57,21.48,7.39,0.78,2020-12-30,49.25,85695.0,,58.76,,,2020
KEX.BK,2021-12-31,17045.55,7728.66,9298.91,871.29,18972.08,18817.77,18858.12,113.96,46.92,0.03,0.63,0.47,0.24,0.83,2021-12-30,30.25,52635.0,5.64,51.29,5.36,0.73,2021
KEX.BK,2022-09-30,13248.75,5885.52,7359.41,871.29,13056.84,12917.66,15420.62,-2363.78,-1898.09,-1.09,-20.4,-29.15,-14.65,0.8,2022-12-30,18.4,32063.42,4.22,,4.36,4.03,2022
KEX.BK,,,,,,,,,,,,,,,,2023-01-13,18.6,32411.93,4.22,,4.4,3.99,2023
KKP.BK,2019-12-31,311690.01,267678.75,43902.11,8467.51,23778.75,,18188.38,13017.18,5988.44,7.07,4.21,13.91,25.19,6.08,2019-12-30,66.0,55885.57,50.24,9.74,1.31,7.58,2019
KKP.BK,2020-12-31,363411.02,316785.3,46517.18,8467.51,25391.78,,20033.41,11391.81,5123.27,6.05,3.37,11.33,20.26,6.79,2020-12-30,51.75,43819.37,53.13,7.69,0.97,8.21,2020
KKP.BK,2021-12-31,436123.2,384961.05,51046.1,8467.51,29101.4,,21137.07,11585.36,6318.05,7.46,2.9,12.95,21.84,7.52,2021-12-30,59.75,50593.38,57.8,9.36,1.03,3.77,2021
KKP.BK,2022-09-30,526758.26,473092.16,53566.78,8467.51,22709.9,,15697.23,10937.37,6172.05,7.29,3.06,15.99,27.23,8.82,2022-12-30,73.75,62447.89,63.26,7.62,1.17,4.0,2022
KKP.BK,,,,,,,,,,,,,,,,2023-01-13,73.75,62447.89,63.26,7.62,1.17,4.0,2023
KTB.BK,2019-12-31,3012216.12,2663889.73,338287.3,72005.04,157678.72,,127301.18,74025.78,29284.04,2.09,2.57,9.09,20.38,7.65,2019-12-30,16.4,229207.4,24.01,8.19,0.68,4.38,2019
KTB.BK,2020-12-31,3327780.27,2972716.68,343465.75,72005.04,147758.14,,130024.07,48373.83,16731.59,1.2,1.53,4.91,13.16,8.37,2020-12-30,11.1,155134.28,24.24,7.48,0.46,6.78,2020
KTB.BK,2021-12-31,3556744.44,3182633.0,360052.89,72005.04,140309.27,,115002.57,51991.64,21588.29,1.54,1.51,6.14,17.5,8.51,2021-12-30,13.2,184484.01,25.32,9.18,0.52,2.08,2021
KTB.BK,2022-09-30,3691704.43,3314320.3,361946.01,72005.04,108179.63,,78064.63,51287.07,25588.55,1.83,1.77,8.53,26.14,8.78,2022-12-30,17.7,247376.28,25.89,8.11,0.68,2.36,2022
KTB.BK,,,,,,,,,,,,,,,,2023-01-13,17.7,247376.28,25.89,8.11,0.68,2.36,2023
KTC.BK,2019-12-31,85409.26,65674.22,19707.71,2578.33,18979.96,,10658.83,8470.24,5524.07,2.14,9.92,28.03,29.1,3.33,2019-12-30,39.5,101844.2,7.15,18.74,5.52,2.08,2019
KTC.BK,2020-12-31,88403.31,65553.04,22798.95,2578.33,18891.0,,10746.69,8190.56,5332.87,2.07,9.42,25.09,28.22,2.87,2020-12-30,59.5,153410.88,8.32,28.78,7.15,1.48,2020
KTC.BK,2021-12-31,89471.09,62386.69,26836.36,2578.33,21441.67,,12781.12,8671.23,5878.69,2.28,9.75,23.69,27.0,2.3,2021-12-30,59.25,152766.29,9.91,25.67,5.98,1.49,2021
KTC.BK,2022-09-30,93961.54,64046.72,29671.73,2578.33,16978.33,,9200.53,7784.91,5413.54,2.1,10.77,24.13,31.86,2.14,2022-12-30,59.0,152121.71,11.51,22.84,5.13,1.69,2022
KTC.BK,,,,,,,,,,,,,,,,2023-01-13,59.0,152121.71,11.51,22.84,5.13,1.69,2023
LH.BK,2019-12-31,113139.05,59956.18,52463.31,11949.71,31241.74,29761.56,24426.75,12601.93,10024.91,0.84,11.22,19.57,32.16,1.13,2019-12-30,9.8,117107.19,4.1,14.37,2.39,7.65,2019
LH.BK,2020-12-31,122571.06,71970.38,49903.62,11949.71,30965.09,29668.39,24648.05,9225.64,7144.92,0.6,7.83,13.96,23.0,1.42,2020-12-30,7.95,95000.22,3.98,10.63,2.0,8.81,2020
LH.BK,2021-12-31,125198.06,74551.76,49946.81,11949.71,33031.78,32709.62,26512.61,9330.24,6936.13,0.58,7.53,13.89,21.01,1.47,2021-12-30,8.8,105157.48,4.01,14.45,2.19,5.68,2021
LH.BK,2022-09-30,123574.99,73257.89,49615.17,11949.71,26396.43,26110.92,21552.75,8261.27,6319.56,0.53,9.04,17.08,23.95,1.46,2022-12-30,9.9,118302.16,4.15,14.19,2.38,5.05,2022
LH.BK,,,,,,,,,,,,,,,,2023-01-13,9.8,117107.19,4.15,14.05,2.36,5.1,2023
MEGA.BK,2019-12-31,10532.71,4357.61,6175.0,435.94,11163.72,11129.78,9727.75,1363.71,1138.52,1.31,13.53,19.14,10.2,0.71,2019-12-30,26.0,22668.61,6.65,19.48,3.91,2.72,2019
MEGA.BK,2020-12-31,11589.71,4610.79,6957.64,435.94,12613.02,12589.41,10902.5,1695.05,1392.65,1.6,15.32,21.21,11.01,0.66,2020-12-30,35.75,31169.33,7.61,23.13,4.7,2.01,2020
MEGA.BK,2021-12-31,13271.7,5246.58,8002.82,435.94,14182.36,14145.69,11994.21,2305.16,1946.83,2.23,18.54,26.03,13.69,0.65,2021-12-30,50.5,44029.41,8.57,23.45,5.89,1.78,2021
MEGA.BK,2022-09-30,14074.08,5544.49,8529.5,435.94,11864.91,11832.98,9720.47,2146.95,1841.78,2.11,20.29,29.23,15.51,0.65,2022-12-30,46.75,40759.9,9.78,17.43,4.78,2.95,2022
MEGA.BK,,,,,,,,,,,,,,,,2023-01-13,49.0,42721.61,9.78,18.27,5.01,2.82,2023
MINT.BK,2019-12-31,254183.77,168315.92,75461.25,4619.0,129061.6,119022.65,112520.57,17368.54,10697.93,2.04,6.66,14.52,8.52,1.96,2019-12-30,36.0,166284.16,15.73,19.73,2.29,1.11,2019
MINT.BK,2020-12-31,362326.52,286002.61,66980.9,5182.33,58695.64,55953.98,75927.84,-17696.11,-21407.34,-4.71,-5.74,-30.06,-38.68,3.75,2020-12-30,25.75,133445.12,14.09,,1.83,,2020
MINT.BK,2021-12-31,369632.89,290140.46,68022.67,5213.77,76211.26,69480.96,86299.02,-8827.38,-13166.51,-2.83,-2.41,-19.51,-18.6,3.65,2021-12-30,28.75,149895.88,10.38,,2.78,,2021
MINT.BK,2022-09-30,370265.42,286182.56,72337.09,5274.99,88174.54,85072.71,79297.08,10586.3,2375.71,0.25,2.44,1.3,2.73,3.4,2022-12-30,32.25,170119.23,13.71,207.87,2.35,,2022
MINT.BK,,,,,,,,,,,,,,,,2023-01-13,34.0,179350.5,13.71,219.15,2.48,,2023
MTC.BK,2019-12-31,61871.6,45899.89,15971.71,2120.0,12687.93,,5868.4,6819.53,4237.47,2.0,11.02,26.53,33.4,2.87,2019-12-30,63.75,135150.0,7.01,32.89,9.1,0.41,2019
MTC.BK,2020-12-31,77221.88,56539.74,20682.13,2120.0,14732.59,,6435.27,8333.46,5213.92,2.46,11.98,28.45,35.39,2.73,2020-12-30,59.0,125080.0,9.11,25.14,6.48,0.51,2020
MTC.BK,2021-12-31,98389.84,73521.34,24868.5,2120.0,16018.74,,7709.4,8328.85,4944.55,2.33,9.49,21.71,30.87,2.96,2021-12-30,58.75,124550.0,11.2,23.89,5.24,0.63,2021
MTC.BK,2022-09-30,123219.78,95205.98,28013.8,2120.0,14457.72,,7469.9,6987.82,3961.46,1.87,8.31,19.56,27.4,3.4,2022-12-30,38.0,80560.0,13.21,15.92,2.88,0.97,2022
MTC.BK,,,,,,,,,,,,,,,,2023-01-13,41.25,87450.0,13.21,17.28,3.12,0.9,2023
NEX.BK,2019-12-31,928.64,362.82,486.34,464.01,798.52,783.34,915.15,-116.63,-146.66,-0.5,-13.62,-32.52,-17.71,0.64,2019-12-30,2.9,1345.63,1.24,,2.33,,2019
NEX.BK,2020-12-31,3617.29,451.66,2961.45,1674.45,1420.8,1403.93,1608.45,-176.47,-213.59,-0.15,-7.76,-12.39,-14.1,0.14,2020-12-30,4.2,7032.7,1.85,,2.27,,2020
NEX.BK,2021-12-31,3913.04,843.06,2858.62,1674.45,688.07,666.46,796.36,-116.15,-106.87,-0.06,-3.08,-3.67,-13.82,0.27,2021-12-30,19.5,32651.82,1.72,,11.37,,2021
NEX.BK,2022-09-30,5115.18,2158.3,2744.4,1674.45,1768.31,1743.65,1774.4,-70.64,-114.23,-0.07,-2.72,-4.65,-4.87,0.73,2022-12-30,18.3,30642.48,1.64,,11.17,,2022
NEX.BK,,,,,,,,,,,,,,,,2023-01-13,17.8,29805.25,1.64,,10.86,,2023
ONEE.BK,2020-12-31,7480.91,5376.03,2104.68,3810.0,3216.12,3126.78,2461.33,759.46,633.86,16.64,10.15,30.12,19.71,2.55,,,,,,,,2020
ONEE.BK,2021-12-31,9305.45,2459.95,6845.34,4762.5,5438.12,5346.79,4344.13,1094.09,828.38,0.42,13.04,18.51,15.23,0.36,2021-12-30,10.8,25717.5,,29.13,,,2021
ONEE.BK,2022-09-30,9294.95,2306.15,6988.62,4762.5,4780.54,4689.11,4020.4,761.31,593.32,0.25,11.8,16.45,12.41,0.33,2022-12-30,7.95,18930.94,2.93,23.7,2.71,0.87,2022
ONEE.BK,,,,,,,,,,,,,,,,2023-01-13,8.0,19050.0,2.93,23.85,2.73,0.86,2023
OR.BK,2019-12-31,152176.21,113468.38,38707.83,90000.0,583208.75,577134.02,569548.31,14588.29,10895.81,1.21,9.59,28.15,1.87,2.93,,,,,,,,2019
OR.BK,2020-12-31,144979.3,107063.34,37823.44,90000.0,432848.96,428804.13,420942.99,12014.28,8791.07,0.98,8.09,22.97,2.03,2.82,,,,,,,,2020
OR.BK,2021-12-31,207658.88,107786.68,99817.78,120000.0,515279.67,511799.25,500678.78,15438.56,11474.03,0.99,8.76,16.67,2.23,1.08,2021-12-30,27.0,324000.0,8.07,26.9,3.35,0.36,2021
OR.BK,2022-09-30,225338.22,119986.37,105292.13,120000.0,586113.25,583517.18,571487.38,15166.89,11113.91,0.93,8.74,13.33,1.9,1.14,2022-12-30,23.8,285600.0,8.77,21.21,2.71,1.93,2022
OR.BK,,,,,,,,,,,,,,,,2023-01-13,23.6,283200.0,8.77,21.03,2.69,1.95,2023
ORI.BK,2019-12-31,32079.48,21145.61,9656.64,1226.43,13663.56,13197.49,9621.46,4261.68,3027.13,1.24,14.38,35.42,22.99,1.93,2019-12-30,7.0,17170.03,3.58,5.57,1.96,5.52,2019
ORI.BK,2020-12-31,33693.57,21685.57,11373.38,1226.43,10933.37,10485.7,8130.01,3588.24,2661.89,1.09,10.91,25.32,25.28,1.81,2020-12-30,7.55,18519.11,4.47,6.38,1.69,6.55,2020
ORI.BK,2021-12-31,35398.44,19458.44,14937.09,1226.43,15266.93,14548.13,11362.48,4538.82,3193.93,1.3,13.14,24.28,22.12,1.22,2021-12-30,11.3,27717.35,5.1,9.15,2.22,4.34,2021
ORI.BK,2022-09-30,42337.52,24725.58,16292.14,1227.06,10626.98,9911.08,7776.73,4021.9,2741.16,1.12,13.49,24.64,28.75,1.4,2022-12-30,12.1,29694.88,6.64,8.37,1.82,4.46,2022
ORI.BK,,,,,,,,,,,,,,,,2023-01-13,11.9,29204.06,6.64,8.23,1.79,4.54,2023
OSP.BK,2019-12-31,24323.87,6300.72,17871.31,3003.75,26151.32,25610.47,22352.24,3998.61,3259.01,1.08,16.74,18.13,12.5,0.35,2019-12-30,40.5,121651.88,5.78,37.72,7.01,1.7,2019
OSP.BK,2020-12-31,25855.48,6526.41,19224.1,3003.75,26129.08,25583.17,22264.49,4089.9,3504.31,1.17,16.3,18.89,13.15,0.34,2020-12-30,35.5,106633.13,6.16,30.67,5.76,2.82,2020
OSP.BK,2021-12-31,27141.61,7237.81,19884.37,3003.75,27277.96,26762.28,23597.15,3944.22,3254.92,1.08,14.88,16.65,11.68,0.36,2021-12-30,34.25,102878.44,6.35,31.61,5.39,3.21,2021
OSP.BK,2022-09-30,25717.05,7720.26,18004.24,3003.75,21011.36,20833.5,19268.38,1995.4,1597.21,0.53,11.66,13.2,7.5,0.43,2022-12-30,28.25,84855.94,5.99,34.66,4.71,3.89,2022
OSP.BK,,,,,,,,,,,,,,,,2023-01-13,30.0,90112.5,5.99,36.81,5.01,3.67,2023
PLANB.BK,2019-12-31,7979.45,1089.48,6375.36,388.26,4919.5,4861.01,3861.54,1055.7,743.19,0.2,15.4,14.25,17.42,0.16,2019-12-30,7.6,29507.52,1.58,42.57,4.8,1.2,2019
PLANB.BK,2020-12-31,12250.21,6595.67,5280.18,388.26,3768.02,3724.41,3514.41,242.56,140.23,0.04,2.4,2.41,3.23,1.17,2020-12-30,6.25,24266.05,1.4,108.77,4.46,2.44,2020
PLANB.BK,2021-12-31,13764.43,6404.23,7052.78,419.32,4607.41,4551.44,4383.29,196.33,64.04,0.02,1.51,1.04,-0.23,0.87,2021-12-30,7.65,29701.65,1.31,605.01,6.17,0.94,2021
PLANB.BK,2022-09-30,15457.79,7156.94,7988.4,427.93,4642.13,4569.92,3875.33,766.81,462.1,0.11,7.05,9.3,10.19,0.86,2022-12-30,7.6,32523.01,1.87,53.03,4.07,,2022
PLANB.BK,,,,,,,,,,,,,,,,2023-01-13,8.45,36160.45,1.87,58.96,4.53,,2023
PSL.BK,2019-12-31,25060.55,13501.5,11559.01,1559.29,4182.65,4152.05,3719.32,477.52,-228.49,-0.15,1.81,-1.88,-5.46,1.17,2019-12-30,7.6,11850.62,7.52,,1.01,,2019
PSL.BK,2020-12-31,21396.85,11262.56,10134.26,1559.29,3739.07,3730.06,4440.39,-693.27,-1294.86,-0.83,-2.98,-11.94,-34.63,1.11,2020-12-30,7.6,11850.62,6.84,,1.11,,2020
PSL.BK,2021-12-31,23530.5,9165.49,14364.98,1559.29,8814.29,8615.39,3945.25,4891.84,4474.93,2.87,21.78,36.53,50.77,0.64,2021-12-30,16.6,25884.24,8.71,9.48,1.91,,2021
PSL.BK,2022-09-30,27226.83,8981.81,18244.97,1559.29,7472.35,7397.3,2906.2,4584.82,4301.61,2.76,25.41,38.17,57.57,0.49,2022-12-30,16.1,25104.6,11.7,4.13,1.38,10.87,2022
PSL.BK,,,,,,,,,,,,,,,,2023-01-13,16.1,25104.6,11.7,4.13,1.38,10.87,2023
PTG.BK,2019-12-31,22651.87,15944.38,6647.52,1670.0,120251.82,120026.69,118033.85,2257.61,1560.68,0.93,10.36,25.81,1.3,2.38,2019-12-30,16.1,26887.0,3.77,19.47,4.27,1.24,2019
PTG.BK,2020-12-31,42037.4,34057.48,7883.67,1670.0,104666.06,104589.81,101643.56,3434.75,1894.04,1.13,10.62,26.07,1.82,4.27,2020-12-30,15.9,26553.0,4.53,16.82,3.51,2.52,2020
PTG.BK,2021-12-31,44384.2,36184.36,8095.13,1670.0,134088.17,133908.31,131897.69,2395.2,1006.37,0.6,5.54,12.6,0.76,4.41,2021-12-30,15.1,25217.0,4.9,14.3,3.08,3.31,2021
PTG.BK,2022-09-30,45408.53,36701.41,8589.45,1670.0,130708.12,130590.08,128500.25,2091.9,937.71,0.56,5.11,10.16,0.73,4.22,2022-12-30,14.5,24215.0,5.14,28.42,2.82,1.72,2022
PTG.BK,,,,,,,,,,,,,,,,2023-01-13,14.7,24549.0,5.14,28.81,2.86,1.7,2023
PTT.BK,2019-12-31,2484438.68,1183399.06,878604.11,28563.0,2239718.62,2219738.67,2077987.5,183051.95,92950.6,3.2,7.56,10.6,5.45,0.91,2019-12-30,44.0,1256771.84,30.31,13.22,1.45,4.55,2019
PTT.BK,2020-12-31,2544182.88,1258337.79,882040.4,28563.0,1633977.16,1615664.66,1556038.17,93652.73,37765.81,1.32,3.72,4.29,2.44,0.98,2020-12-30,42.5,1213927.34,30.73,28.86,1.38,4.71,2020
PTT.BK,2021-12-31,3078018.83,1605079.11,1006696.22,28563.0,2287758.51,2258818.49,2010520.43,247821.47,108363.41,3.79,8.82,11.47,6.65,1.09,2021-12-30,38.0,1085393.86,34.26,11.55,1.11,2.63,2021
PTT.BK,2022-09-30,3569750.77,1992356.68,1075094.18,28563.0,2583490.89,2570029.11,2289584.15,200938.43,73302.85,2.57,8.13,9.82,3.91,1.26,2022-12-30,33.25,949719.63,37.64,9.42,0.88,6.02,2022
PTT.BK,,,,,,,,,,,,,,,,2023-01-13,33.75,964001.12,37.64,9.56,0.9,5.93,2023
PTTEP.BK,2019-12-31,669464.01,312405.29,357058.71,3969.99,195457.52,191052.73,118751.43,77044.88,48802.54,11.72,11.81,13.06,24.97,0.87,2019-12-30,124.5,494263.18,92.17,10.74,1.35,4.02,2019
PTTEP.BK,2020-12-31,675637.1,321226.21,354410.88,3969.99,166599.74,160400.68,119341.22,49384.15,22664.01,5.65,7.34,6.37,13.6,0.91,2020-12-30,98.25,390051.07,93.31,12.28,1.05,6.11,2020
PTTEP.BK,2021-12-31,783535.67,368185.92,415349.75,3969.99,234631.13,219068.07,139680.31,86863.69,38863.6,9.7,11.91,10.1,16.56,0.89,2021-12-30,118.0,468458.28,103.12,15.24,1.14,3.6,2021
PTTEP.BK,2022-09-30,935677.6,440572.63,495104.97,3969.99,243253.6,239739.75,120377.61,115956.5,55290.75,14.01,16.62,14.58,22.73,0.89,2022-12-30,176.5,700702.42,124.71,10.63,1.42,2.83,2022
PTTEP.BK,,,,,,,,,,,,,,,,2023-01-13,167.5,664972.55,124.71,10.09,1.34,2.99,2023
PTTGC.BK,2019-12-31,452514.39,158919.04,285830.17,45088.49,415160.4,412810.24,406855.45,16118.08,11682.08,2.59,3.5,4.02,2.97,0.54,2019-12-30,57.0,257004.4,63.64,16.64,0.89,7.49,2019
PTTGC.BK,2020-12-31,489382.65,200388.69,281015.11,45088.49,331571.29,329291.17,331661.86,4053.69,199.61,0.04,0.86,0.07,0.2,0.69,2020-12-30,58.5,263767.67,61.17,,0.96,3.43,2020
PTTGC.BK,2021-12-31,754115.49,426512.33,318241.84,45088.49,491490.37,480182.32,433402.31,58723.57,44982.39,10.01,9.44,15.01,9.27,1.3,2021-12-30,58.75,264894.89,69.48,5.5,0.85,1.69,2021
PTTGC.BK,2022-09-30,742464.19,440358.13,292678.99,45088.49,559731.67,558362.73,534605.95,351.23,-7784.25,-1.73,0.81,-1.5,-1.19,1.46,2022-12-30,47.25,213043.12,64.91,,0.73,7.92,2022
PTTGC.BK,,,,,,,,,,,,,,,,2023-01-13,50.0,225442.46,64.91,,0.77,7.48,2023
QH.BK,2019-12-31,50901.91,24038.5,26863.42,10714.38,10949.16,10679.64,9338.63,3537.81,2853.86,0.27,6.74,10.74,26.06,0.89,2019-12-30,2.56,27428.82,2.47,9.25,1.04,8.59,2019
QH.BK,2020-12-31,47667.13,21098.69,26568.44,10714.38,9376.76,9137.59,8107.98,2799.08,2123.42,0.2,5.68,7.95,22.65,0.79,2020-12-30,2.32,24857.37,2.43,11.2,0.96,8.62,2020
QH.BK,2021-12-31,46235.69,19250.53,26985.16,10714.38,8355.7,8119.87,7517.88,2219.89,1669.66,0.16,4.73,6.24,19.98,0.71,2021-12-30,2.26,24214.5,2.47,13.79,0.92,5.31,2021
QH.BK,2022-09-30,44166.37,17080.7,27085.67,10714.38,6876.88,6702.43,5892.81,2153.4,1740.11,0.16,6.2,8.35,25.3,0.63,2022-12-30,2.3,24643.08,2.53,11.03,0.91,4.35,2022
QH.BK,,,,,,,,,,,,,,,,2023-01-13,2.34,25071.65,2.53,11.22,0.93,4.27,2023
RATCH.BK,2019-12-31,100229.43,40815.5,59413.27,14500.0,39251.7,38608.59,34824.03,8263.57,5963.28,4.11,8.2,9.99,15.19,0.69,2019-12-30,68.75,99687.5,40.4,17.47,1.7,3.49,2019
RATCH.BK,2020-12-31,112132.25,51610.68,60520.89,14500.0,34921.65,31652.54,31829.79,7866.42,6286.68,4.34,7.41,10.48,18.0,0.85,2020-12-30,53.0,76850.0,41.37,15.18,1.28,4.53,2020
RATCH.BK,2021-12-31,154855.31,77045.76,70289.71,14500.0,38213.22,37326.78,34818.34,9824.74,7772.02,5.36,7.36,11.88,20.36,0.99,2021-12-30,45.0,65250.0,46.96,8.39,0.96,5.33,2021
RATCH.BK,2022-09-30,203248.64,87490.67,106912.71,21750.0,56233.31,55606.11,52928.56,8974.14,6023.68,3.29,7.14,9.31,10.51,0.76,2022-12-30,42.75,92981.25,49.16,11.41,0.87,3.9,2022
RATCH.BK,,,,,,,,,,,,,,,,2023-01-13,44.0,95700.0,49.16,11.75,0.9,3.79,2023
RBF.BK,2019-12-31,4412.31,542.44,3870.27,2000.0,2881.99,2864.65,2413.14,468.85,352.78,0.22,11.93,11.83,12.27,0.14,2019-12-30,4.4,8800.0,,25.48,,,2019
RBF.BK,2020-12-31,4883.4,794.58,4090.93,2000.0,3187.27,3172.08,2540.35,646.92,519.02,0.26,13.92,13.04,16.23,0.19,2020-12-30,9.3,18600.0,1.99,37.46,4.68,1.61,2020
RBF.BK,2021-12-31,5005.52,768.97,4224.23,2000.0,3391.06,3383.98,2794.99,606.56,420.1,0.21,12.27,10.1,12.47,0.18,2021-12-30,22.5,45000.0,2.07,102.66,10.89,0.67,2021
RBF.BK,2022-09-30,5112.2,763.66,4325.57,2000.0,2962.08,2956.22,2498.87,496.22,388.29,0.19,12.64,11.63,13.35,0.18,2022-12-30,12.9,25800.0,2.16,52.46,5.96,1.16,2022
RBF.BK,,,,,,,,,,,,,,,,2023-01-13,14.7,29400.0,2.16,59.78,6.8,1.02,2023
RCL.BK,2019-12-31,17037.59,9632.22,7400.35,828.75,16566.18,16531.03,16945.61,-157.44,-491.75,-0.59,-0.89,-6.22,-2.98,1.3,2019-12-30,3.54,2933.78,9.26,,0.38,,2019
RCL.BK,2020-12-31,17989.31,8915.48,9067.86,828.75,17254.7,17195.24,15409.81,2024.21,1744.79,2.1,11.56,21.19,10.12,0.98,2020-12-30,14.2,11768.25,9.96,37.29,1.43,,2020
RCL.BK,2021-12-31,38713.28,12800.22,25905.66,828.75,38007.26,37979.01,20031.36,18192.54,17972.75,21.69,64.17,102.78,47.3,0.49,2021-12-30,49.25,40815.94,23.06,3.67,2.14,1.02,2021
RCL.BK,2022-09-30,62217.36,13139.8,49073.74,828.75,42402.03,42333.07,21164.51,22201.42,22008.77,26.56,66.46,88.35,51.92,0.27,2022-12-30,30.75,25484.06,59.21,0.85,0.52,19.51,2022
RCL.BK,,,,,,,,,,,,,,,,2023-01-13,31.5,26105.63,59.21,0.87,0.53,19.05,2023
SABUY.BK,2019-12-31,2261.07,807.29,1418.8,887.98,1279.37,1123.17,1194.49,84.89,57.99,0.07,3.75,4.09,4.52,0.56,,,,,,,,2019
SABUY.BK,2020-12-31,2772.46,1238.36,1482.86,1005.0,1512.72,1395.63,1366.79,145.93,102.06,0.11,5.8,7.03,6.45,0.81,2020-12-30,1.81,1819.05,,23.89,,,2020
SABUY.BK,2021-12-31,6136.53,2748.62,2937.31,1201.38,2339.11,2095.8,1930.77,350.43,213.6,0.2,7.87,9.67,11.01,0.81,2021-12-30,24.7,29674.08,2.26,175.98,11.54,0.1,2021
SABUY.BK,2022-09-30,15135.4,4628.73,8380.48,1487.19,2833.74,2607.57,2545.29,1211.91,964.22,0.71,12.69,19.01,35.23,0.44,2022-12-30,11.3,18147.64,5.58,17.43,2.03,0.38,2022
SABUY.BK,,,,,,,,,,,,,,,,2023-01-13,12.0,19271.83,5.58,18.51,2.15,0.36,2023
SAWAD.BK,2019-12-31,45461.61,25269.9,18388.37,1336.25,9793.26,,4083.95,5709.31,3756.49,2.85,12.56,20.43,40.12,1.25,2019-12-30,68.5,91532.94,12.64,26.19,5.46,0.02,2019
SAWAD.BK,2020-12-31,52007.37,27937.49,22084.87,1373.15,10993.03,,4107.75,6885.28,4508.33,3.32,14.13,22.28,43.58,1.16,2020-12-30,65.75,90284.77,15.15,20.94,4.34,2.13,2020
SAWAD.BK,2021-12-31,49966.87,22991.54,24697.86,1373.15,10230.83,,3020.78,7181.11,4722.14,3.44,14.08,20.19,49.24,0.85,2021-12-30,61.75,84792.16,17.15,17.42,3.6,2.91,2021
SAWAD.BK,2022-09-30,64010.86,36292.14,24472.69,1373.15,8544.11,,3680.65,4896.88,3263.19,2.38,11.67,18.35,41.05,1.31,2022-12-30,48.75,66941.18,17.82,15.19,2.74,3.69,2022
SAWAD.BK,,,,,,,,,,,,,,,,2023-01-13,55.0,75523.38,17.82,17.14,3.09,3.27,2023
SCB.BK,2022-09-30,3440920.2,2978039.06,457130.65,33671.07,130289.64,,97309.18,53958.8,30403.41,8.99,2.1,8.89,23.13,6.43,2022-12-30,107.0,360280.48,135.76,8.89,0.79,,2022
SCB.BK,,,,,,,,,,,,,,,,2023-01-13,111.5,375432.46,135.76,9.26,0.82,,2023
SCC.BK,2019-12-31,634733.23,306990.1,280215.41,1200.0,446826.77,437979.88,412653.87,45804.95,32014.28,26.68,7.48,11.49,7.43,0.94,2019-12-30,392.0,470400.0,229.31,13.3,1.71,4.59,2019
SCC.BK,2020-12-31,749380.88,353254.84,320972.18,1200.0,407217.16,399939.2,366481.91,50191.04,34143.87,28.45,7.25,11.36,9.16,0.89,2020-12-30,378.0,453600.0,252.29,13.66,1.5,3.7,2020
SCC.BK,2021-12-31,861101.03,411092.68,365690.73,1200.0,540705.96,530111.63,487855.32,70393.29,47173.99,39.31,8.74,13.74,10.12,0.91,2021-12-30,386.0,463200.0,299.19,9.87,1.29,3.63,2021
SCC.BK,2022-09-30,929930.77,450856.38,395533.3,1200.0,457360.22,447419.43,436597.37,29595.11,21225.12,17.69,4.67,7.83,4.29,0.94,2022-12-30,342.0,410400.0,329.61,13.9,1.04,5.41,2022
SCC.BK,,,,,,,,,,,,,,,,2023-01-13,355.0,426000.0,329.61,14.43,1.08,5.21,2023
SCGP.BK,2019-12-31,139513.05,76697.05,42952.05,3126.0,89783.61,89069.87,81404.68,8559.13,5268.51,1.69,6.13,12.27,6.56,1.22,,,,,,,,2019
SCGP.BK,2020-12-31,172428.88,62588.1,88737.82,4292.92,93388.33,92785.97,83473.11,9759.4,6457.48,1.95,6.26,9.81,7.82,0.57,2020-12-30,41.5,178156.19,,28.89,,,2020
SCGP.BK,2021-12-31,206823.74,84523.8,96837.2,4292.92,126436.89,124222.66,113919.04,12892.29,8294.37,1.93,6.8,8.94,7.63,0.69,2021-12-30,69.25,297284.72,22.19,38.79,3.12,0.65,2021
SCGP.BK,2022-09-30,208227.45,78981.42,101813.25,4292.92,113538.69,112559.44,105435.23,8720.49,5351.19,1.25,5.77,7.58,5.63,0.61,2022-12-30,57.0,244696.45,23.72,32.77,2.4,1.14,2022
SCGP.BK,,,,,,,,,,,,,,,,2023-01-13,55.5,238257.07,23.72,31.91,2.34,1.17,2023
SINGER.BK,2019-12-31,5906.57,3563.03,2343.54,401.51,2610.37,1607.06,2291.75,318.61,165.89,0.46,5.79,8.58,6.36,1.52,2019-12-30,5.45,2188.2,5.73,15.39,0.95,,2019
SINGER.BK,2020-12-31,9247.4,6437.28,2810.12,412.53,3658.43,2525.91,2996.24,663.35,443.3,1.09,8.75,17.2,12.12,2.29,2020-12-30,26.0,10725.66,5.85,29.73,4.49,0.37,2020
SINGER.BK,2021-12-31,24200.99,9362.39,14838.6,800.09,4397.05,4337.22,3074.34,1326.85,700.59,1.4,7.93,7.94,15.93,0.63,2021-12-30,53.0,42405.02,7.57,52.22,8.33,0.36,2021
SINGER.BK,2022-09-30,22888.85,7860.97,15027.88,819.74,3973.1,3924.95,2706.85,1270.71,741.87,0.91,9.39,10.12,18.67,0.52,2022-12-30,28.75,23640.16,18.38,24.7,1.57,2.22,2022
SINGER.BK,,,,,,,,,,,,,,,,2023-01-13,30.25,24875.84,18.46,25.88,1.64,2.12,2023
SPALI.BK,2019-12-31,60511.44,22662.32,37086.0,2143.08,23957.15,23557.46,17135.35,6821.8,5402.76,2.52,11.54,15.2,22.82,0.6,2019-12-30,17.9,38361.12,16.42,6.39,1.09,5.54,2019
SPALI.BK,2020-12-31,68206.52,30810.64,36579.37,2143.08,20969.29,20588.05,15342.39,5836.06,4251.23,2.13,9.07,11.54,20.64,0.82,2020-12-30,20.5,43933.13,17.7,9.45,1.16,5.12,2020
SPALI.BK,2021-12-31,71432.24,28505.91,42069.57,2143.08,29647.48,29160.1,20838.92,9341.51,7070.32,3.63,13.38,17.98,24.08,0.66,2021-12-30,22.7,48647.9,20.1,7.3,1.13,4.41,2021
SPALI.BK,2022-09-30,79646.07,34234.2,44495.49,2143.08,25454.54,24763.17,17779.7,7899.87,6001.78,3.08,15.24,21.23,23.92,0.75,2022-12-30,24.3,47459.21,22.78,5.34,1.07,5.13,2022
SPALI.BK,,,,,,,,,,,,,,,,2023-01-13,23.7,46287.38,22.78,5.21,1.04,5.26,2023
SPRC.BK,2019-12-31,54294.08,21818.05,32476.03,30004.44,168875.55,168839.72,173740.92,-3647.25,-2808.7,-0.65,-6.67,-7.91,-1.66,0.67,2019-12-30,10.7,46394.15,8.29,,1.29,5.54,2019
SPRC.BK,2020-12-31,46541.08,20113.99,26427.09,30004.44,130234.19,130163.4,138079.75,-7382.54,-6004.84,-1.38,-14.64,-20.39,-4.61,0.76,2020-12-30,8.05,34904.01,6.21,,1.3,2.27,2020
SPRC.BK,2021-12-31,58725.89,24355.16,34370.73,30004.44,172546.16,172484.39,166347.29,6124.73,4746.46,1.09,11.64,15.61,2.75,0.71,2021-12-30,9.8,42491.84,7.61,11.32,1.29,,2021
SPRC.BK,2022-09-30,75430.15,32885.78,42544.37,30004.44,219604.25,219558.28,209152.21,9434.78,7413.64,1.71,17.88,24.54,3.38,0.77,2022-12-30,10.7,46394.15,9.81,5.01,1.09,1.67,2022
SPRC.BK,,,,,,,,,,,,,,,,2023-01-13,10.1,43792.61,9.81,4.73,1.03,1.77,2023
STA.BK,2019-12-31,58330.87,32842.48,24119.03,1536.0,60602.38,60286.37,60478.37,822.94,-148.54,-0.1,1.44,-0.61,-0.09,1.29,2019-12-30,10.0,15360.0,15.67,,0.64,6.5,2019
STA.BK,2020-12-31,93117.22,39720.3,38071.24,1536.0,75879.46,75478.74,58561.08,17754.98,9531.21,6.21,23.45,30.65,20.29,0.74,2020-12-30,26.5,40704.0,21.86,9.91,1.21,1.32,2020
STA.BK,2021-12-31,114527.09,49478.5,46652.13,1536.0,118810.58,118275.37,88143.62,29547.19,15846.7,10.32,28.46,37.41,22.03,0.76,2021-12-30,31.0,47616.0,30.4,2.41,1.02,7.26,2021
STA.BK,2022-09-30,116606.94,47870.92,50721.45,1536.0,85699.29,85331.93,80432.45,6038.7,3807.03,2.48,7.92,11.13,5.29,0.7,2022-12-30,21.1,32409.6,33.02,5.98,0.64,19.67,2022
STA.BK,,,,,,,,,,,,,,,,2023-01-13,21.3,32716.8,33.02,6.04,0.65,19.48,2023
STARK.BK,2019-12-31,12654.69,10341.33,2267.72,14049.56,11607.71,11528.85,10872.54,890.38,123.92,0.01,13.25,10.47,2.08,4.47,2019-12-30,2.12,50483.16,0.12,,17.83,,2019
STARK.BK,2020-12-31,27316.49,23552.77,3708.5,11906.4,16917.68,16858.04,14720.23,2697.6,1608.66,0.14,13.5,53.84,9.57,6.26,2020-12-30,4.26,50721.29,0.28,41.03,15.18,,2020
STARK.BK,2021-12-31,39142.11,32550.85,6504.61,11906.4,27129.64,27093.66,22655.37,4472.32,2783.11,0.23,13.46,54.5,10.3,4.94,2021-12-30,4.74,56436.36,0.49,24.33,9.72,,2021
STARK.BK,2022-09-30,47096.41,38362.3,8631.14,11906.4,21877.25,21852.36,17918.28,3984.16,2216.47,0.19,12.57,43.28,10.21,4.39,2022-12-30,2.5,33516.01,1.06,10.73,2.36,,2022
STARK.BK,,,,,,,,,,,,,,,,2023-01-13,2.68,35929.17,1.06,11.5,2.53,,2023
STGT.BK,2019-12-31,13216.1,8814.07,4402.03,990.0,12139.69,11994.15,11311.9,912.12,634.3,0.83,6.9,14.41,5.06,2.0,,,,,,,,2019
STGT.BK,2020-12-31,43293.41,11595.91,31697.5,1428.78,30692.41,30405.12,14765.1,16088.62,14400.87,5.94,56.94,79.78,46.92,0.37,2020-12-30,76.0,108587.28,17.48,17.91,4.35,,2020
STGT.BK,2021-12-31,51302.82,13089.7,38213.12,1431.63,48019.8,47550.77,21534.55,26003.98,23704.16,8.29,54.98,67.81,49.36,0.34,2021-12-30,30.25,86613.66,13.93,2.85,2.17,8.66,2021
STGT.BK,2022-09-30,49511.28,12211.95,37299.33,1432.59,18817.86,18543.97,16698.52,2021.2,1690.43,0.59,7.85,9.15,8.98,0.33,2022-12-30,10.0,28651.8,13.02,8.12,0.77,46.44,2022
STGT.BK,,,,,,,,,,,,,,,,2023-01-13,10.8,30943.94,13.02,8.77,0.83,43.0,2023
TCAP.BK,2019-12-31,160926.56,86867.81,65832.97,11651.3,8431.61,,4691.48,6365.45,10807.06,9.43,1.04,16.43,198.78,1.17,2019-12-30,53.5,62333.74,61.72,7.29,0.87,4.89,2019
TCAP.BK,2020-12-31,140755.63,67987.48,63310.6,11651.3,8879.3,,5536.3,11025.09,6669.03,6.26,7.31,10.33,88.39,0.93,2020-12-30,34.5,40196.52,59.78,3.48,0.58,21.68,2020
TCAP.BK,2021-12-31,142734.59,68593.55,65113.98,11651.3,16198.62,,11150.71,8913.94,5287.18,5.04,6.29,8.23,41.5,0.93,2021-12-30,37.75,43983.16,60.43,9.42,0.62,7.95,2021
TCAP.BK,2022-09-30,160272.15,84036.29,66922.88,11456.63,11371.04,,8290.19,6843.25,4133.88,3.94,6.29,9.06,45.22,1.1,2022-12-30,42.5,48690.11,63.82,7.55,0.67,7.06,2022
TCAP.BK,,,,,,,,,,,,,,,,2023-01-13,43.75,50122.17,63.82,7.77,0.69,6.86,2023
THANI.BK,2019-12-31,50880.93,43209.91,7671.02,3775.35,4238.15,,763.56,3474.59,1963.56,0.52,6.83,25.6,46.33,5.63,2019-12-30,5.8,21897.05,1.9,11.31,3.05,4.0,2019
THANI.BK,2020-12-31,48518.01,37699.32,10818.68,5663.03,4262.73,,875.52,3387.2,1860.2,0.4,6.82,20.12,43.64,3.48,2020-12-30,4.16,23558.2,2.24,12.65,2.79,5.13,2020
THANI.BK,2021-12-31,49223.46,37656.89,11566.56,5663.03,4226.49,,1170.52,3055.97,1709.18,0.3,6.25,15.27,40.44,3.26,2021-12-30,4.38,24804.06,1.96,14.29,2.23,3.88,2021
THANI.BK,2022-09-30,53821.59,41817.71,12003.87,5663.03,3312.12,,892.35,2419.77,1399.94,0.25,6.24,16.04,42.27,3.48,2022-12-30,4.16,23558.2,2.12,12.71,1.96,4.09,2022
THANI.BK,,,,,,,,,,,,,,,,2023-01-13,4.28,24237.76,2.12,13.08,2.02,3.97,2023
THG.BK,2019-12-31,20284.99,11503.5,8295.63,849.08,8648.61,8232.16,7767.53,805.97,462.39,0.55,4.22,5.6,5.32,1.31,2019-12-30,26.75,22712.89,9.66,56.58,2.77,1.31,2019
THG.BK,2020-12-31,20280.21,11949.06,7895.09,849.08,7446.4,7314.8,7158.45,330.19,62.43,0.07,1.63,0.77,0.31,1.43,2020-12-30,25.75,21863.81,9.29,190.34,2.77,1.56,2020
THG.BK,2021-12-31,23798.73,14180.74,9147.33,849.08,10974.92,10847.49,8977.16,2032.88,1337.43,1.58,9.22,15.7,12.36,1.47,2021-12-30,37.25,31628.23,10.01,42.9,3.72,0.8,2021
THG.BK,2022-09-30,22846.18,12408.53,9953.55,847.47,9481.01,9157.83,7606.92,1984.75,1363.37,1.61,12.75,21.72,14.95,1.19,2022-12-30,68.5,58051.52,11.75,29.05,5.83,1.31,2022
THG.BK,,,,,,,,,,,,,,,,2023-01-13,68.5,58051.52,11.75,29.05,5.83,1.31,2023
TIDLOR.BK,2020-12-31,53335.52,41586.99,11748.54,7800.22,10558.86,,5770.29,4205.29,2416.14,1.15,7.88,20.57,22.88,3.54,,,,,,,,2020
TIDLOR.BK,2021-12-31,66525.4,44120.44,22404.96,8580.24,12047.13,,6973.06,5074.08,3168.91,1.41,8.47,18.56,26.3,1.97,2021-12-30,36.5,84642.94,9.32,28.24,3.92,,2021
TIDLOR.BK,2022-09-30,79113.96,54514.03,24599.93,9240.14,10907.24,,6521.25,4385.98,2822.86,1.17,8.02,15.66,25.88,2.22,2022-12-30,29.5,73671.41,9.85,20.36,2.99,0.86,2022
TIDLOR.BK,,,,,,,,,,,,,,,,2023-01-13,30.25,75544.42,9.85,20.88,3.07,0.84,2023
TIPH.BK,2021-12-31,49639.42,39964.45,9582.63,594.29,13613.81,,11370.16,2243.65,1811.47,3.05,4.52,18.9,13.44,4.13,2021-12-30,77.0,45760.51,15.51,21.33,4.96,,2021
TIPH.BK,2022-09-30,53015.51,44317.32,8578.98,594.29,11129.92,,10162.03,972.17,772.55,1.3,2.43,10.96,7.05,5.1,2022-12-30,46.0,27337.45,14.44,28.04,3.19,,2022
TIPH.BK,,,,,,,,,,,,,,,,2023-01-13,48.75,28971.75,14.44,29.72,3.38,,2023
TISCO.BK,2019-12-31,298304.1,259107.98,39192.98,8006.56,24855.5,,15794.45,14144.55,7270.23,9.08,4.71,18.91,29.26,6.61,2019-12-30,99.25,79464.08,46.7,11.14,2.13,7.05,2019
TISCO.BK,2020-12-31,275443.21,235981.13,39458.94,8006.56,22865.95,,15315.09,11220.52,6063.48,7.57,3.91,15.42,26.52,5.98,2020-12-30,88.5,70857.14,47.26,11.26,1.87,8.76,2020
TISCO.BK,2021-12-31,243621.93,202421.55,41197.09,8006.56,21265.45,,13190.01,10824.62,6784.59,8.47,4.17,16.82,31.91,4.91,2021-12-30,96.0,76861.98,49.22,11.6,1.95,6.56,2021
TISCO.BK,2022-09-30,255937.92,214912.35,41022.05,8006.56,15264.12,,8599.43,8278.54,5417.35,6.77,4.41,17.93,35.49,5.24,2022-12-30,99.25,79464.08,51.24,11.02,1.94,7.2,2022
TISCO.BK,,,,,,,,,,,,,,,,2023-01-13,103.5,82866.82,51.24,11.49,2.02,6.91,2023
TOP.BK,2019-12-31,283444.53,159521.02,119972.74,20400.28,366055.04,364326.71,358325.04,11063.3,6276.68,3.08,4.01,5.19,1.78,1.29,2019-12-30,69.75,142291.94,58.08,,1.2,3.8,2019
TOP.BK,2020-12-31,306187.66,186069.23,116228.96,20400.28,249027.83,247913.17,257768.05,1049.77,-3301.41,-1.62,0.36,-2.8,-1.16,1.55,2020-12-30,52.0,106081.45,52.84,,0.98,2.88,2020
TOP.BK,2021-12-31,362144.12,239050.04,120880.74,20400.28,345985.96,345496.46,322599.46,18694.59,12578.03,6.17,5.59,10.61,3.76,1.94,2021-12-30,49.5,100981.38,56.62,6.82,0.87,1.41,2021
TOP.BK,2022-09-30,440552.62,282837.12,155155.9,22323.36,404754.92,404162.43,359081.4,44788.18,32521.31,15.92,13.22,27.75,8.13,1.79,2022-12-30,56.25,125653.25,69.49,3.35,0.81,4.22,2022
TOP.BK,,,,,,,,,,,,,,,,2023-01-13,55.0,122860.96,69.49,3.27,0.79,4.32,2023
TQM.BK,2019-12-31,4256.96,1906.7,2350.26,300.0,2783.83,2711.54,2159.61,623.57,507.23,1.69,15.43,22.57,18.22,0.81,2019-12-30,66.0,19800.0,7.4,40.87,8.92,0.45,2019
TQM.BK,2020-12-31,4953.91,2554.26,2399.65,300.0,3136.08,3082.51,2264.81,871.26,702.0,2.34,18.92,29.56,22.38,1.06,2020-12-30,134.5,40350.0,7.31,60.87,18.39,1.3,2020
TQM.BK,2021-12-31,4436.4,1425.81,2676.37,300.0,3363.2,3273.58,2325.55,1099.86,890.43,1.48,23.43,35.08,26.52,0.47,2021-12-30,97.0,29100.0,7.73,33.98,12.55,2.22,2021
TQM.BK,2022-09-30,4419.32,1574.64,2289.53,300.0,2747.79,2667.57,1938.57,810.46,599.41,1.0,26.29,35.75,23.41,0.55,2022-12-30,39.0,23400.0,3.82,28.41,10.22,3.14,2022
TQM.BK,,,,,,,,,,,,,,,,2023-01-13,39.75,23850.0,3.82,28.96,10.42,3.08,2023
TRUE.BK,2019-12-31,523992.74,397973.6,125367.94,133472.78,149631.69,140943.49,140250.22,17284.3,5636.74,0.17,3.39,4.36,3.72,3.16,2019-12-30,4.6,153493.7,3.77,63.27,1.22,1.96,2019
TRUE.BK,2020-12-31,617547.9,531930.77,85089.1,133472.78,143338.54,138212.34,128071.45,19419.88,1048.4,0.03,3.4,1.0,0.65,6.21,2020-12-30,3.44,114786.59,2.56,81.03,1.34,2.62,2020
TRUE.BK,2021-12-31,624914.58,543096.53,81361.92,133472.78,147208.07,143655.27,132908.65,17976.54,-1428.41,-0.04,2.89,-1.72,-1.03,6.64,2021-12-30,4.78,159499.97,2.44,,1.96,1.46,2021
TRUE.BK,2022-09-30,621126.74,546281.94,74376.02,133472.78,104844.88,101801.32,97794.11,9755.72,-5135.42,-0.15,2.38,-6.52,-4.97,7.3,2022-12-30,4.84,161502.07,2.23,,2.17,1.45,2022
TRUE.BK,,,,,,,,,,,,,,,,2023-01-13,4.78,159499.97,2.23,,2.14,1.46,2023
TTB.BK,2019-12-31,1858190.28,1663378.79,194776.87,91541.39,52251.82,,47228.02,21781.6,7222.48,0.15,1.58,4.92,13.82,8.54,2019-12-30,1.68,161883.72,2.34,22.15,1.58,1.9,2019
TTB.BK,2020-12-31,1808331.83,1603582.11,204712.63,91588.95,89885.61,,80314.93,30852.75,10112.18,0.1,1.68,5.06,11.25,7.83,2020-12-30,1.08,104122.17,2.1,9.92,0.51,2.98,2020
TTB.BK,2021-12-31,1759180.73,1548345.04,210834.56,91791.73,80709.8,,69914.14,26043.13,10474.05,0.11,1.46,5.04,12.98,7.34,2021-12-30,1.47,142035.63,2.15,15.94,0.68,3.05,2021
TTB.BK,2022-09-30,1823533.42,1608839.13,214693.16,91852.95,59454.06,,48188.84,23055.03,10347.87,0.11,1.67,6.22,17.4,7.49,2022-12-30,1.41,136454.26,2.22,10.38,0.64,2.69,2022
TTB.BK,,,,,,,,,,,,,,,,2023-01-13,1.41,136454.26,2.22,10.38,0.64,2.69,2023
TU.BK,2019-12-31,141909.05,90114.09,48423.2,1192.95,128445.7,126275.25,122702.51,6483.6,3815.88,0.8,4.57,8.33,3.24,1.74,2019-12-30,13.5,64419.51,8.76,16.84,1.54,2.96,2019
TU.BK,2020-12-31,144574.67,88838.02,52185.26,1192.95,134111.99,132402.44,124581.06,9003.44,6246.09,1.26,6.29,12.42,4.85,1.59,2020-12-30,13.6,64896.69,10.88,10.83,1.25,3.54,2020
TU.BK,2021-12-31,166604.04,104390.64,59319.07,1192.95,141858.21,141047.7,132827.86,10743.29,8013.0,1.66,6.9,14.37,5.83,1.68,2021-12-30,19.5,93050.4,12.23,12.04,1.59,3.69,2021
TU.BK,2022-09-30,178920.45,115278.45,60875.54,1192.95,116663.96,115973.65,110307.46,6782.36,5899.84,1.22,5.45,13.29,5.16,1.81,2022-12-30,16.9,80643.68,13.08,10.05,1.29,5.62,2022
TU.BK,,,,,,,,,,,,,,,,2023-01-13,16.4,78257.77,13.08,9.75,1.25,5.79,2023
VGI.BK,2019-03-31,22687.39,6239.96,13696.27,855.67,5362.39,5157.66,3716.59,1625.1,1101.24,0.13,10.06,12.15,22.5,0.38,2019-12-30,9.55,82236.63,1.83,66.37,5.25,0.98,2019
VGI.BK,2020-03-31,17076.95,3999.29,12783.9,861.12,4249.76,3999.88,3251.91,1176.86,1423.94,0.17,5.92,10.75,30.68,0.31,2020-12-30,6.65,57264.25,1.68,85.14,3.96,0.92,2020
VGI.BK,2021-03-31,20970.23,3906.98,16591.69,861.12,3243.85,3072.63,2469.54,1112.74,979.77,0.11,5.85,6.67,27.95,0.23,2021-12-30,6.6,56833.69,1.8,52.99,3.68,0.92,2021
VGI.BK,2022-03-31,40848.3,10865.59,29133.39,861.12,4426.15,4298.45,4373.14,-141.02,-120.26,-0.01,-0.46,-0.53,-6.24,0.36,2022-12-30,4.4,49255.88,2.48,,1.77,0.8,2022
VGI.BK,,33350.58,2792.67,27798.61,1119.45,2818.69,2739.97,2604.23,62.1,93.06,0.01,-0.21,-0.13,-2.17,0.09,2023-01-13,4.78,53509.8,2.48,,1.92,0.74,2023
WHA.BK,2019-12-31,82263.83,49163.25,29477.63,1470.91,11440.12,10463.0,8131.65,5254.16,3229.25,0.22,6.54,11.39,34.64,1.49,2019-12-30,3.88,57071.3,2.04,16.36,1.9,2.1,2019
WHA.BK,2020-12-31,82621.11,50453.94,28805.19,1494.68,8197.88,6914.31,5136.67,4269.98,2523.75,0.17,5.18,8.66,34.95,1.57,2020-12-30,3.04,45438.38,1.89,20.01,1.61,4.4,2020
WHA.BK,2021-12-31,82769.49,48739.72,30594.11,1494.68,11638.82,10417.21,7266.95,4696.94,2590.07,0.17,5.68,8.72,24.68,1.43,2021-12-30,3.52,52612.86,1.93,26.19,1.82,2.85,2021
WHA.BK,2022-09-30,84798.53,51065.01,30138.89,1494.68,6789.75,5354.28,4063.94,2506.05,1204.27,0.08,6.48,10.98,20.33,1.51,2022-12-30,4.08,60983.09,2.02,18.83,2.02,2.46,2022
WHA.BK,,,,,,,,,,,,,,,,2023-01-13,3.92,58591.59,2.02,18.09,1.94,2.56,2023
